date,inflation.expectations,inflation,inflation.pcepilfe,inflation.pcepilfe.yoy,exp.ma4,exp.ma4.yoy,exp.ma4.model,exp.ar3.pcepilfe,exp.ar4.pcepilfe,INFCPI1YR,INFCPI10YR
1959-01-01,2.6217576583281175,2.723887422652197,,,,2.6217576583281175,,,,,
1959-04-01,2.532854624900056,2.1341612031851245,2.1341612031850588,,,2.532854624900056,,,,,
1959-07-01,2.129966665333348,2.658156747102966,2.6666481442566337,,,2.129966665333348,,,,,
1959-10-01,2.2327131721546314,2.311484444741492,2.2861075733146663,,2.456922454420445,2.2327131721546314,,,,,
1960-01-01,1.8751453840287335,1.2391348616682092,1.2644366931318984,2.0878384034720643,2.0857343141744478,1.8751453840287335,,,,,
1960-04-01,2.0667339676553196,1.5120985748814426,1.5120668193702613,1.932314807518365,1.9302186570985276,2.0667339676553196,,,,,
1960-07-01,2.26688278455106,1.5815754749814934,1.5648391836506903,1.656862567366879,1.6610733390681593,2.26688278455106,,,,,
1960-10-01,2.0711666861515705,1.3007328077653575,1.3090844974168903,1.412606798392435,1.4083854298241258,1.7724056441874358,,,,,
1961-01-01,1.6562274107315986,0.6737158886590708,0.6820262818447276,1.2670041955706424,1.267030686571841,1.5671970922120804,,,,,
1961-04-01,1.595692241803134,1.3191885265144017,1.3108781333286856,1.2167070240602484,1.218803174480081,1.3882951463475512,,,,,
1961-07-01,1.6367810376692533,1.7356833581508055,1.7356833581507303,1.2594180676852584,1.2573301452724088,1.288934021427146,,,,,
1961-10-01,1.5074936524028466,0.9637665676256225,0.9555390775242145,1.1710317127120895,1.173088585237475,1.2285402500070597,,,,,
1962-01-01,1.5620451406935054,1.4781982824199247,1.4782286312740922,1.3700823000694307,1.3742091836776886,1.2543097761317568,,,,,
1962-04-01,1.530534587987068,1.5217543051840854,1.5381172948123023,1.4268920904403348,1.4248506283451094,1.3068560427267784,,,,,
1962-07-01,1.5210341128639344,1.3206982343466696,1.3125323859657811,1.3211043473940975,1.3211043473940756,1.3222776126539881,,,,,
1962-10-01,1.4046339850883318,0.7562130625552614,0.7480893382336262,1.2692419125714505,1.2692159711264852,1.3468301626188284,,,,,
1963-01-01,1.4926911855312388,1.3138697944252646,1.321993518747,1.2301831344396774,1.2281338491278202,1.31185537121139,,,,,
1963-04-01,1.55278917125234,1.5032142797418506,1.5112808287716106,1.2234740179295045,1.2234988427672615,1.2610008530836825,,,,,
1963-07-01,1.5724426739734427,1.5458022981737622,1.537735749143998,1.2797748587240587,1.2797748587240347,1.2506684809161728,,,,,
1963-10-01,1.658698783226682,1.9238899590684473,1.9238899590684255,1.5737250139327585,1.5716940828523311,1.3267892562564998,,,,,
1964-01-01,1.6202853512059687,1.6997362261507605,1.6917730954455479,1.6661699081073955,1.6681606907837052,1.4357859496734293,,,,,
1964-04-01,1.5019759807796655,1.192677847069158,1.184761975767401,1.5845401948563431,1.590526582615532,1.526052493905139,,,,,
1964-07-01,1.4990114388156706,1.0941316211236471,1.1100106231305418,1.477608913352979,1.4776089133530033,1.575511007562369,,,,,
1964-10-01,1.513231451027656,1.0200758723503798,1.0200758723504677,1.2516553916734896,1.2516553916734863,1.4949936019975518,,,,,
1965-01-01,1.6709951862678891,1.5134514064712352,1.5055836632347663,1.2051080336207942,1.205084186753605,1.3797281333759015,,,,,
1965-04-01,1.6443810089704716,1.225476714159123,1.241187979137237,1.2192145344632532,1.2132839035260963,1.288396718277629,,,,,
1965-07-01,1.6347991684100958,1.2451920425325316,1.2373485207909596,1.2510490088783577,1.2510490088783173,1.2317567421589737,,,,,
1965-10-01,1.6551530681236415,1.334856775819105,1.3270635306140477,1.3277959234442527,1.3297442347454986,1.2507918751016645,,,,,
1966-01-01,1.8014716383086,2.005601216687151,1.9978857770265535,1.4508714518921995,1.4527816872994777,1.3122327296695158,,,,,
1966-04-01,2.041547526238757,3.220498731169416,3.2436993539228354,1.951499295588599,1.951537191552051,1.4953039199508522,,,,,
1966-07-01,2.062942017186965,3.2863360288283365,3.286273092590619,2.463730438538514,2.461823188126002,1.7984742773658913,,,,,
1966-10-01,2.0737030287045477,3.441126478206559,3.4410611294228843,2.992229838240723,2.9883906137228657,2.214582756065009,,,,,
1967-01-01,1.8474144924525486,2.19501017538028,2.194968783705775,3.0415005899105285,3.035742853396148,2.612240040569591,,,,,
1967-04-01,1.9173530761240123,2.6764979391308534,2.6689756779388674,2.8978196709145365,2.8997426553865076,2.8488201344010755,,,,,
1967-07-01,2.129362838003434,3.6150873681066584,3.6150873681068063,2.9800232397935833,2.9819304902060875,2.977893334714843,,,,,
1967-10-01,2.2869544564004745,4.022800110591609,4.015469202566813,3.1236252580795654,3.1273488983023503,3.0107421896745534,,,,,
1968-01-01,2.4472824141105662,4.526741037589472,4.534071945614215,3.7084010485566754,3.710281613854648,3.17746730433609,,,,,
1968-04-01,2.7210738062777953,4.626578440941069,4.6265784409410315,4.1978017393072165,4.197801739307202,3.50246282143426,,,,,
1968-07-01,3.181423482737128,4.446152761366902,4.4461527613668395,4.405568087622225,4.405568087622263,3.8588490333914205,,,,,
1968-10-01,3.7281909884523703,4.62848267854268,4.628482678542767,4.558821456616213,4.556988729610031,4.2176480830255825,,,,,
1969-01-01,4.415343349368157,4.346960231337235,4.346960231337249,4.512043528046972,4.512043528046972,4.4185587028981566,,,,,
1969-04-01,4.742240017426262,4.7523674877429185,4.759214164965009,4.545202459052966,4.543490789747434,4.505408882834594,3.146207443552661,4.3836279054751,4.670786868759546,,
1969-07-01,4.600770295260395,4.59505219106167,4.588205513839405,4.5807156471711075,4.580715647171126,4.549195772721815,3.3942868323087843,5.017069889035879,5.135799697631279,,
1969-10-01,4.851545704629729,4.663304476193937,4.6699945022016465,4.591093603085827,4.58942109658394,4.557263809339219,3.2104806253935125,4.702233612302706,4.875056450615823,,
1970-01-01,4.576371022859467,4.351557463480278,4.331631827061599,4.587261502016915,4.590570404619701,4.576068302831704,3.3543620386970674,4.872040275873894,4.970446820138622,,
1970-04-01,4.636177479384311,4.481452497408952,4.501232021571333,4.522765966168496,4.522841657036209,4.5704591796105865,2.964879309616631,4.425918877647698,4.641051646053535,,
1970-07-01,4.563635496918885,4.431799733830069,4.425255820078711,4.482028542728322,4.482028542728309,4.54578740349989,3.3622822439560984,4.613187205545955,4.754020194732795,,
1970-10-01,5.51678987460642,5.591260845020237,5.578496584947423,4.709154063414767,4.714017634934884,4.575302518582125,3.3985216262737468,4.47855117896968,4.632846919958686,,
1971-01-01,5.100829878411902,5.022897051872422,5.035661311945283,4.8851614346356875,4.88185253203292,4.649777501736818,4.4250858226715595,5.706205876714065,5.647948445261291,,
1971-04-01,5.109721849416275,4.53086883243213,4.5371001870508465,4.894128476005566,4.894206615788715,4.742618129196085,3.3643470215944333,5.134879748954882,5.151999858222791,,
1971-07-01,4.392089866399052,3.7585168149211063,3.752285460302396,4.725885886061487,4.725885886061474,4.803582465029377,2.91774013354878,4.651817634048993,4.739488050261912,,
1971-10-01,3.4067931645948644,2.2714218142911404,2.2775599374066147,3.900651724176285,3.8959261283792,4.601456880219756,3.126817882626922,3.7106246754318013,4.547694297494138,,
1972-01-01,4.068224300736672,3.830235667009495,3.818017823560993,3.5962408520802125,3.597760782163468,4.279226734580888,2.0844103729001966,1.9291269442880328,2.593743164789882,,
1972-04-01,2.6211652268559873,2.6903078011350545,2.696387521467969,3.136062685684493,3.1376205243391992,3.8397102870006194,3.937717369817979,3.7986001083700875,4.2353973100061975,,
1972-07-01,3.265358007560786,2.996133491919772,2.996133491919828,2.947024693588851,2.9470246935888653,3.3949949888824604,3.3974272548323095,3.0775911996197034,3.267259734947369,,
1972-10-01,2.6983733419704974,2.5095309739695115,2.5035745600284542,3.003528349244311,3.006551983508458,3.170714145149467,2.4672615155299464,2.9975591398971693,2.909028100702421,,
1973-01-01,2.915348660977633,2.777912602757771,2.7779538257489023,2.7435123497912883,2.743471217445527,2.957532019577236,2.573102453447666,2.777171263859138,2.967528199702566,,
1973-04-01,4.505348881294201,5.41108518294022,5.411164663720669,3.4222066353544633,3.4236655628968187,3.0290680069947284,3.291925527403676,2.87920070610018,2.9179206981307386,,
1973-07-01,4.771243216636836,5.2870334927817355,5.281350953724306,3.993511000805583,3.9963905631123096,3.2906895837989114,4.6647172020628185,4.992570208380012,4.899510396485055,,
1973-10-01,5.064529406295223,5.524902315521631,5.530740481251151,4.750302481111257,4.750233398500339,3.727383116765648,3.8880570259339406,5.064346667210441,4.773644277040589,,
1974-01-01,5.79922070341202,6.808890725555887,6.808986595624589,5.758060673580179,5.7579779291998685,4.481020197712871,3.690706627435066,4.950726104176712,4.717320913725182,,
1974-04-01,8.57823176093375,9.812889985103347,9.818474198531923,6.859888057282992,6.858429129740649,5.340440553195003,5.36117901742205,6.1180643179305445,6.051333493403025,,
1974-07-01,10.902984291351622,11.266080426514309,11.271377913518954,8.357394797231654,8.353190863173793,6.43141150230152,6.989135612955115,10.493245196259991,10.198628653873634,,
1974-10-01,9.513276547311438,9.656426396908275,9.656300042058596,9.388784687433516,9.386071883520454,7.591032053882086,6.447991863516615,12.790551788543443,12.546878308576037,,
1975-01-01,7.162937333213339,7.743366712710236,7.738195580555285,9.62108693366619,9.619690880309042,8.556788618903589,5.0553203135413165,8.309905771970836,8.144392475757464,,
1975-04-01,5.662163318926421,6.040585952569588,6.050577834166404,8.67911284257481,8.676614872175602,9.011594815226543,5.48915721811477,5.692077155005244,6.353520924315684,,
1975-07-01,5.687119921842534,5.965486099570808,5.955494217974078,7.350141918688591,7.351466290439727,8.759781595590777,4.586051578341834,4.510912347433738,5.362437879199261,,
1975-10-01,5.924316288987398,6.459431091701131,6.464274263736591,6.5521354741080895,6.55221746413794,8.05061929225942,4.832243534960296,5.417788495335637,6.069425789411319,,
1976-01-01,5.495446449979728,6.042040652490015,6.032426857947826,6.125693293456225,6.126885949082885,7.176770882206928,5.855757839724374,6.042395128170339,6.492844694811874,,
1976-04-01,4.588992787818287,4.765941182501366,4.770711805008077,5.805726786166643,5.80822475656583,6.458424368104888,5.217097894811778,5.494830725365881,5.6071243050298,,
1976-07-01,6.02756713646192,6.2164693322383595,6.216469332238361,5.870970564732714,5.870970564732718,6.088631529615918,4.201409301801789,4.570406490774654,4.5848165156399565,,
1976-10-01,5.762705060947518,6.203602573515524,6.212742401458549,5.808087599163203,5.807013435186317,5.902619560879696,6.064715241330884,6.203718571785857,6.246108273028476,,
1977-01-01,6.10123323252346,6.675545379833767,6.675394113945821,5.968829413162702,5.965389617022254,5.863403590806316,5.472156467663738,5.827943572903363,5.895632519750611,,
1977-04-01,5.605267389430317,6.074914382324941,6.065925820269769,6.292632916978125,6.292632916978148,5.985130123509185,5.796075387405612,6.205507332179728,6.131976942855813,,
1977-07-01,6.074769553482746,6.598440788451038,6.598440788451043,6.388125781031295,6.3881257810313175,6.114418927583831,4.768921409464798,5.575391865100264,5.641088121747222,,
1977-10-01,5.458082947785812,5.770983078681808,5.770983078681802,6.2776859503371085,6.279970907322889,6.231818515377308,6.206112883285304,6.182881376712004,6.239808792259673,,
1978-01-01,5.83585085494792,6.1963263362468535,6.192100485662344,6.156862543266239,6.16016614642616,6.278826797903193,5.242231167600863,5.4219873764717885,5.526220741171276,,
1978-04-01,6.36070399093838,6.837773343720016,6.841999194304371,6.35088088677489,6.350880886774929,6.293388790352383,5.544620417076042,5.9179062026151765,5.983907574291907,,
1978-07-01,6.225104058212618,6.808622442907344,6.80453833061474,6.402405272315814,6.403426300389006,6.2969586631735135,6.246016310102808,6.477854372600667,6.561007696112149,,
1978-10-01,6.41863309953417,7.116156108926849,7.11622812474868,6.738716533832534,6.739719557950266,6.412216309047369,6.0647072116898215,6.282887760300396,6.290841785604136,,
1979-01-01,5.177266513292492,5.427459239760306,5.4275133110877505,6.5475697401888855,6.547502783828628,6.50989310827803,5.887231135633433,6.556588167643821,6.5738088809832345,,
1979-04-01,7.760668009004107,8.691653592649235,8.699484528236567,7.0119410736719345,7.010972846060934,6.675158155002292,5.010081927459107,5.103538391033215,5.229211229903861,,
1979-07-01,6.720698928835479,7.32212127626352,7.314445668756697,7.139417908207424,7.139347554399977,6.859411313975194,7.316009769056755,7.831452558737614,7.9021758688030435,,
1979-10-01,7.115307772152168,8.253535265769338,8.257337962832345,7.42469536772834,7.4236923436105995,7.030906022449146,6.55702933305327,6.87461452617124,6.97977282483213,,
1980-01-01,8.248280637299496,9.671480195207236,9.667844145593207,8.484778076354704,8.484697582472332,7.515208106490601,6.014758455635471,7.117280141869582,6.9802077019303645,,
1980-04-01,7.610520148184352,8.846099465834419,8.849735515448387,8.52234082315766,8.523309050768628,7.892808043862033,6.915524257187537,8.609959071754325,8.65781101972351,,
1980-07-01,7.429934790687213,8.811277604022903,8.807798571715608,8.895679048897387,8.895598132708473,8.331873329034522,7.203984933791181,7.845108408316176,7.8633536695017066,,
1980-10-01,8.376099708263316,9.631317019406376,9.628003496354154,9.238345432277839,9.240043571117734,8.785285845171897,6.718166226218408,7.725602625251511,7.736564397127156,,
1981-01-01,7.835953268340239,8.767419059496271,8.777534218946847,9.01576795061625,9.014028287189992,8.918033313737284,7.536228743593327,8.678829230755976,8.565277348808696,,
1981-04-01,6.829388980648279,7.494942604337594,7.488359046499049,8.675423833378915,8.676239071815786,8.956304066292597,7.22310303775964,8.083969638949329,8.023966014639626,,
1981-07-01,6.82249243560892,7.299454944904832,7.299513913421407,8.298352668805364,8.298283407036267,8.806972471269592,6.351825730511877,7.072245710199377,7.047139406423213,,
1981-10-01,6.825978707527701,7.045955907758613,7.052303944498206,7.654427780841377,7.651943129124327,8.410993058410476,6.45861272533479,7.1270456172787,7.052509132614922,,
1982-01-01,6.002931001432131,5.818591056880105,5.812344362375477,6.913130316698535,6.9147361284702855,7.885333649931047,6.797665395026372,7.07526925845592,7.010658368745495,,
1982-04-01,5.781690947459119,5.377393714884013,5.374375857830138,6.384634519531307,6.385348906106891,7.312636321469146,6.144021986472887,6.5419051094039675,6.6065835004191005,,
1982-07-01,6.709971563868861,6.355265364689257,6.36138386473899,6.150102007360703,6.149301511052998,6.77557365610798,6.072282021374217,6.5751784509989175,6.346472303304539,,
1982-10-01,6.426911329540605,5.534899538599214,5.531929899447441,5.770008496098011,5.771537418763147,6.304468834922139,6.819459958570276,7.01879384508046,7.17542814249679,,
1983-01-01,6.121103930555058,5.22200628065746,5.219113653750185,5.621700818941688,5.622391224707486,5.981611460482927,6.343324105485575,6.689266040583373,6.963418361012638,,
1983-04-01,5.214692021257929,3.0484347007100925,3.048479208060506,5.04022665649928,5.040151471164006,5.645509494724921,6.273303737120559,6.582037838234196,6.690149236981378,,
1983-07-01,6.834961208089878,6.028045228814596,6.0338629875230865,4.9583464371953045,4.95834643719534,5.347570602183572,5.069521929371185,5.136441797797568,4.709750386614254,,
1983-10-01,6.018599596401835,3.1850165068762974,3.1878591219401287,4.3723287428184765,4.3708756792646115,4.9981506638636874,6.891046127076148,6.637095829065363,6.149624484029751,,
1984-01-01,5.540639296837617,4.021925191245167,4.019082576181354,4.072320973426269,4.070855406911538,4.610805702484832,4.988431601525122,5.221822604685916,5.216122633364277,,
1984-04-01,6.662721143102612,4.658388868773038,4.655607256620264,4.4741029855662084,4.473343948927274,4.469274784751565,5.34989405449103,4.68060159393492,4.535700948439802,,
1984-07-01,5.564625850031396,3.7376463316431705,3.7376722023809705,3.9000552892806795,3.900744224634418,4.204701997772908,6.46681565694397,5.048398389335074,4.545639942732198,,
1984-10-01,4.317529263107845,2.833853190846283,2.836608932261342,3.8122427418609828,3.8129533956269146,4.064680497533535,5.574963839374406,4.238872830001643,4.460848811247423,,
1985-01-01,5.523426016760082,5.421960085753641,5.419260638802825,4.1622872575163505,4.162962119254033,4.087172068556056,4.7364480394873345,3.2677037579341146,3.298079326112566,,
1985-04-01,4.645502320952232,3.4511472576632527,3.4538467046139942,3.861847119514783,3.8611517164765865,3.934108102043199,5.8796045412750635,4.258323846412872,4.359811833026525,,
1985-07-01,4.304508513763629,4.089737486241422,4.087088453304055,3.949201182245554,3.9491745051261495,3.9463945752844176,5.702616592574408,4.150905492885175,4.464836332270611,,
1985-10-01,3.7787320697866162,2.8586539161733726,2.858672780418381,3.954717144284814,3.955374686457922,3.9820131758903754,5.3521943011960955,4.137112422525924,4.267249048370758,,
1986-01-01,3.954829372057108,4.2929729769834,4.295603145675919,3.6738027710030874,3.6731279092653617,3.8598920542620596,4.0201152428768605,3.3728435039686735,3.2658264975300235,,
1986-04-01,3.4932085268933717,2.7306515467419517,2.7332359184002897,3.4936500744496612,3.493003981535036,3.767842792995779,4.627167575862444,3.6691595105294073,3.6427058314248155,,
1986-07-01,2.9011638307699914,2.7429385340934096,2.7377874355572374,3.1563248200129568,3.1563042434980333,3.56962370243763,5.1625249301865415,3.231229913107807,3.263480357213403,,
1986-10-01,3.1988963980697296,3.243976099234527,3.2439968311216205,3.2526558326887667,3.252634789263322,3.394108374538618,4.794422591861035,2.700356182309995,2.713520604416059,,
1987-01-01,2.8787723083966372,2.5202089631837326,2.525284946441708,2.810076282880214,2.8094437858134054,3.1781767525078997,4.444732586540636,2.7221204089968096,2.7392888006729783,,
1987-04-01,3.331512006489403,3.8673186796945638,3.864788691427279,3.0929644761369612,3.0936105690515583,3.0780053529297247,3.901133625550364,2.5942700940334715,2.6504083029922474,,
1987-07-01,3.671061028221435,3.569614814354432,3.567131414331648,3.300300470830564,3.300279639116814,3.1139992656341264,4.897512919552337,3.1011985759167198,3.1566244464926987,,
1987-10-01,3.8238845149239227,4.047252066233875,4.044818652597648,3.500505926199571,3.5010986308666507,3.1759617890118275,5.291094483549055,3.441677062507078,3.5135153650899364,,
1988-01-01,3.952993186055937,3.8314328574832732,3.841219553960684,3.829489578079315,3.828904604441536,3.4308151128116027,5.237522713338009,3.7366160362278267,3.8304699699973956,,
1988-04-01,4.456297336707587,4.821260037902813,4.818795931353392,4.067991388060843,4.067389943993598,3.674571840792573,4.935422788324113,3.786018554815065,3.877800786430776,,
1988-07-01,4.708455129229467,4.5855027078799795,4.580718562874608,4.321388175196583,4.321361917374984,3.929843766884078,4.979391981114814,4.27028021949158,4.367675908664504,,
1988-10-01,4.476529271393162,4.441809576627674,4.44418794536432,4.421230498388251,4.420001294973435,4.1600249099312485,5.056401006418068,4.468845926245727,4.566004757818376,,
1989-01-01,4.388577889377142,4.344169092343378,4.341842394944706,4.546386208634257,4.548185353688461,4.339249067569984,4.9467535023968425,4.403892368312212,4.450404826148425,,
1989-04-01,3.934967475765141,3.620185742010419,3.6225124394089647,4.24731533564815,4.2479167797153625,4.384080054466811,4.7841776094504445,4.259970530133934,4.221746186111674,,
1989-07-01,3.3096725913315335,2.970250974311104,2.9656736082419144,3.843554096989976,3.8441038463231436,4.264621534915158,4.362676157777208,3.8819721923905313,3.9118011716211663,,
1989-10-01,3.453962380628964,3.6429439574269926,3.6452533962400224,3.643820459708902,3.644387441522974,4.070269025245321,3.9432532914048553,3.3994996763712804,3.474839525966478,,
1990-01-01,4.284492052217446,4.579828314431115,4.579854133208272,3.7033233942747934,3.703302247044908,3.8595033216554553,4.289842903407074,3.330933565665386,3.4348389795027154,,
1990-04-01,4.370738626129256,4.44151720579341,4.443759314272455,3.908635112990666,3.9086351129906554,3.7748332659910844,5.097700282865955,3.8122327674654213,3.6753794902717383,,
1990-07-01,4.06314515398101,4.024125540805954,4.021930386061001,4.172699307445438,4.172103754614368,3.8571195686049498,5.466800381405438,4.117095617952743,3.936168245944559,,
1990-10-01,3.653057661286817,3.3445559228934205,3.344574200966477,4.097529508627051,4.097506745980975,3.970546830834487,4.809934534017149,4.098134798250432,4.027126919585839,,
1991-01-01,3.5718623922690025,3.5304960060085198,3.5348306185678524,3.8362736299669464,3.835173668875326,4.003784389757525,3.6627078621547433,3.8349469423998555,3.8915931919159354,,
1991-04-01,3.4395825285691326,3.0758717778012623,3.07157282318542,3.4932270071951876,3.493762311877289,3.899932363308656,3.755954389615928,3.6878431422211024,3.727971829834771,,
1991-07-01,3.5048164736073932,3.581159012197984,3.5854223537917562,3.3840999991278764,3.3830206797252966,3.7027825362292655,3.6578322585165313,3.573492391820401,3.5489662023965685,,
1991-10-01,3.47318111944135,3.1390117891532956,3.1347841205434435,3.331652479022118,3.3316346462902655,3.511313278828032,3.9788261419046997,3.5649097148127997,3.58245419907723,,
1992-01-01,3.4446948318652266,3.045620137951029,3.0498152476294393,3.2103986362875148,3.2104156792758927,3.354844530408174,3.8894286031560212,3.6066201440087453,3.61334720777001,,
1992-04-01,3.317120199806007,2.8172429820384335,2.813078508686928,3.145775057662892,3.1457584803351857,3.2679815430251002,3.70740361546566,3.56517210117203,3.578211207987347,,
1992-07-01,3.1849732641702913,2.358424210050978,2.362561820420339,2.8400599243200375,2.840074779798434,3.1319715243231405,3.6113505696868096,3.524691784563003,3.3313963319167126,,
1992-10-01,3.1672518578088025,2.922466257751518,2.9204035567993003,2.7864647833840017,2.7859383969479894,2.9956746004136114,3.533409536302721,3.1118504540848404,3.2878304280861825,,
1993-01-01,3.2122452530047267,2.7487730323957122,2.748773032395846,2.7112042295756034,2.7117266205591606,2.8708759987356336,3.4742179167575804,3.2410935032676145,3.200539029627957,,
1993-04-01,3.2878185088173444,3.0268180653673666,3.024799723687366,2.764134533325713,2.7641203913913936,2.775465867651339,3.5199164834680463,3.1983248033630365,3.1718016973708867,,
1993-07-01,3.183435743887072,2.2280816302093527,2.2300999718893877,2.731019071192975,2.7315347464309876,2.748205654369573,3.513861460472026,3.2512494151095566,3.2357526272689365,,
1993-10-01,2.9554308690889646,2.054027726396691,2.0520308764275796,2.5139259011000448,2.5144251135922806,2.680070933798584,3.2354912158022344,3.053282850315649,2.953839223499388,,
1994-01-01,2.6169689371365426,1.811026127418448,1.8110351478739517,2.279491429969571,2.2799883873479647,2.572142733897076,2.989228242355108,2.723591985358994,2.584683965277644,,
1994-04-01,2.6826342188989587,2.6805250348848397,2.6825128643984897,2.193919715147352,2.1934151297273328,2.4295890293524858,2.806238901303958,2.356584117530281,2.375167479724123,,
1994-07-01,2.6153467741933207,2.2270029244917873,2.2270029244918277,2.193145453297962,2.1931454532979413,2.2951206248787326,3.2022450954046224,2.9161489853728146,2.762852964875391,,
1994-10-01,2.4998697491464963,2.0271653585056884,2.027165358505556,2.1869290738174563,2.186429861325191,2.2133714180580855,3.03217142983474,2.8352634530876273,2.565024215576731,,
1995-01-01,2.430536497200379,2.092745943033316,2.090802473697906,2.256870905273445,2.256859815228908,2.207716286884054,2.805357106773845,2.4267712253939586,2.218920803463904,,
1995-04-01,2.4699852763146017,2.365959273696303,2.367902743031891,2.178218374931795,2.178218374931774,2.2037909518301646,2.842116580643847,2.390149449071063,2.351785881207374,,
1995-07-01,2.3430476293669016,1.902356229256635,1.9023562292566965,2.0970567011230123,2.0970567011229857,2.179768763786427,3.0812793336562634,2.5743343440473163,2.523994413100591,,
1995-10-01,2.2404645830151444,2.002420891627255,2.0005076522497944,2.090392274559072,2.090870584403377,2.155634563971831,2.7978164268079526,2.2522778687550407,2.1938499363612314,,
1996-01-01,2.0108626184539107,1.569595437755691,1.5696029305924952,1.9600923887827193,1.960082958083971,2.0814399348491497,2.74029804719374,2.2343579148594563,2.100119429314656,,
1996-04-01,1.9719345979065372,1.8936296594902016,1.8974321429318763,1.8424747387577156,1.8420005545324458,1.9975040258056298,2.2456863707189925,1.8845975617856097,1.886981708180886,,
1996-07-01,1.9313364483015372,1.8224042083030234,1.820507471401811,1.8220125492939943,1.8220125492940429,1.9287429878483753,2.6547289634746534,2.1092745028519455,1.8155325781515623,,
1996-10-01,2.1354704566987555,2.2706152643270965,2.2706152643269917,1.8895394523132936,1.8890611424690031,1.8785297822869307,2.7315338127805986,2.016612976823919,1.795850511105312,,
1997-01-01,1.8563918719313177,1.5683318643307897,1.5683318643308297,1.8892216857478772,1.8887452491127779,1.8608121065282202,2.681483195526698,2.3727521965032397,1.9838280390036296,,
1997-04-01,2.1057448531943783,2.0815893879534304,2.081589387953642,1.9352609970033186,1.935735181228585,1.884008671089621,2.342028445071147,1.7946993662753516,1.5973694343966676,,
1997-07-01,1.406186757911942,0.9309654602746807,0.9328215097198722,1.7133395065828338,1.7128754942214994,1.8568404104118308,2.627315834878572,2.073523869864622,1.8968547483339353,,
1997-10-01,1.3987116237256336,1.2675303514205352,1.2638241161472052,1.4616417195378872,1.462104265994859,1.7498659772179792,1.8763849816246494,1.3113633059430954,1.4491299363054906,,
1998-01-01,1.117125058195729,1.1749880281048086,1.1768382139329958,1.3637683069384288,1.3637683069383637,1.618502632515617,2.0652577121568116,1.3045378997785724,1.2431613069620053,,
1998-04-01,1.1265885738551031,1.2212062671592294,1.223045394125677,1.1491323084814375,1.1486725267398135,1.4219704603851469,2.4280348276941304,1.3472746158534428,1.4301942045652614,,
1998-07-01,1.179753554769868,1.4209606417470801,1.417288901129865,1.2702491563339358,1.2711713221079133,1.3111978728229223,1.7978985394239533,1.3634144683475107,0.929195375416029,,
1998-10-01,1.1681763143542978,1.2679864882000218,1.2734727038456128,1.2726613032585377,1.271285356302785,1.263952768753085,2.41009752394335,1.4650685272105268,1.1238806846236014,,
1999-01-01,1.1400394550944952,1.0071298031157878,1.0016539814294845,1.2288652451326598,1.2293208000555298,1.2302270033016427,2.1222740913624483,1.3303851381257743,1.098521267760988,,
1999-04-01,1.2054974031013548,1.3861237915201388,1.3861300951614197,1.2696364203915955,1.2705501811457571,1.2603530312791822,1.4759116503390928,1.10021500497574,1.028002393531063,,
1999-07-01,1.2084664714440367,1.4681908816149343,1.4700067976651354,1.2828158945254131,1.2823577411127207,1.2634947158270515,2.101609732883824,1.3493092442597234,1.2555977320050067,,
1999-10-01,1.492565502776673,1.8790181909849588,1.8772174071937542,1.4337520703624484,1.4351156668089549,1.3037674076030292,2.183152807916971,1.4996490487693181,1.3304692047782636,,
2000-01-01,1.676908197703065,2.0906346422542867,2.0906440296744933,1.7059995824237006,1.7059918765935795,1.4230509919257894,2.2040854652514446,1.7452601893025925,1.5077521561600395,,
2000-04-01,1.6375537354782477,1.3894956937376903,1.393072266450801,1.707735125246046,1.7068348521479675,1.532575668139402,2.315391521546868,1.98715092852646,1.806700714101745,,
2000-07-01,1.8237219079635756,1.928692989322909,1.9251312156534084,1.8215162297431142,1.8219603790749614,1.6672507519438273,1.760685584347303,1.6607032284191816,1.572662235648653,,
2000-10-01,1.807241199321814,1.9724770981243231,1.976021545767992,1.8462172643866737,1.8453251058598021,1.7703670504498836,2.0156248725100925,1.7117220106526518,1.7444058920023873,,
2001-01-01,2.0416268260776924,2.5956095386702636,2.5920852647836057,1.9715775731639518,1.9715688299637963,1.8367615481349464,2.3080811956212988,1.892460606493294,1.8491850721514194,,
2001-04-01,1.9376592544132003,1.509425830180412,1.50943244568289,2.000667617971974,2.001551364074477,1.9099946713164284,2.304688782739033,2.1924979590331004,1.9976133859832386,,
2001-07-01,1.649510444690897,1.0275639031076593,1.031059022288261,1.7771495696306872,1.7762690925206643,1.8989030062883216,1.7493172437467674,1.8688587615530403,1.8148854672553492,,
2001-10-01,1.5409733796232588,1.9274125005292755,1.9256671894165578,1.7645609805428286,1.7650029431219025,1.8784889353273604,1.486547379333894,1.4092588219536262,1.6182253642249667,,
2002-01-01,1.5315294038458511,1.2278566390732422,1.2261250335935614,1.4230709227453175,1.4230647182226472,1.7413622727227018,1.8239650416371993,1.6651744862344322,1.7906664069509464,,
2002-04-01,1.7275380161694,2.1965552789116254,2.194842631772431,1.5944234692677028,1.5948470804054506,1.639801235546634,1.7187727923755138,1.5821748899902341,1.5132353663937603,,
2002-07-01,1.7500463858476885,2.1228956179785925,2.1280528703382373,1.868671931280197,1.8686800091231839,1.6626818259590115,1.8659634505976395,1.7758193066234627,1.673413802881337,,
2002-10-01,1.8317652157733675,1.4209788651872215,1.4192658654465617,1.742071600287698,1.7420716002876704,1.6570594808952288,2.057164193341276,1.8707897409370586,1.846693089996458,,
2003-01-01,1.6511586509539062,1.2322096829790545,1.2322096829791462,1.7435927626340941,1.7431598612641235,1.737189940867423,1.7418952573132265,1.7187057028901136,1.6963010814319928,,
2003-04-01,1.5164295343337184,1.5133294061205556,1.5133294061204339,1.5732144562210948,1.572353393066356,1.731887687605771,1.6686099916975519,1.5795624874924092,1.6339781624177998,,
2003-07-01,1.5868564372529257,1.8266957194657893,1.8266957194658318,1.4978751685029934,1.4983034184381552,1.63918849691147,1.6984280871265047,1.5979401334655439,1.5987354912134188,,
2003-10-01,1.6814419148909754,1.7881526975654514,1.7881526975653372,1.5900968765326873,1.5900968765327128,1.6011948159727174,1.7896088612143553,1.6922383014664737,1.6481065662022065,,
2004-01-01,1.7743163604383614,2.1914282725451524,2.1947699042637936,1.8307369318538491,1.829901523924237,1.6229808582776561,1.7468910034902758,1.7008644108300683,1.6722898876598693,,
2004-04-01,1.8380488498074024,2.2841639238049334,2.2791609796911416,2.022194825246526,2.0226101533453313,1.735225950534014,1.8025286082143324,1.7738563134335241,1.7478860028789631,,
2004-07-01,1.7962759317955657,1.4278355739396427,1.4294968863346469,1.9228951169637298,1.922895116963795,1.841480937649198,1.823985528754923,1.81171878429113,1.7575337777607904,,
2004-10-01,1.8051644535428193,2.164349322108418,2.162702862305821,2.0165326581488507,2.0169442730995364,1.948089883053239,1.6821646327253885,1.6323617839453246,1.6271169227488391,,
2005-01-01,1.920612556084392,2.8350063303863764,2.8366527901891203,2.1770033796301824,2.1778387875598426,2.0346564949973223,1.6872653423041024,1.7028725600129395,1.6802791859900914,,
2005-04-01,1.899513945600018,1.9765206556777741,1.9765206556776604,2.101343298626812,2.1009279705280526,2.054443613342394,1.9001578256722313,1.872999980058811,1.926735462894163,,
2005-07-01,1.827958811829157,1.553797244928272,1.5554177048553441,2.1328235032569864,2.13241838827521,2.106925709915708,1.786307464178837,1.828519446912465,1.8224885062755771,,
2005-10-01,1.8717369153711403,2.66486765002156,2.664856890147149,2.2583620102173185,2.2575479702534955,2.167383047932825,1.7082201167355562,1.7101931420363043,1.7375771870824588,,
2006-01-01,1.8822649632119681,2.3112823271936747,2.3096726271411683,2.1266169694553305,2.1266169694553203,2.154786445389112,1.8433695415641704,1.8850724026995858,1.9019510597409575,,
2006-04-01,2.1625889434776324,3.17541688905481,3.173829111764448,2.4259440834770274,2.4263410277995794,2.2359366416016657,1.832555485639233,1.8725023201287903,1.922453731439457,,
2006-07-01,2.1581253916769443,2.14724806322511,2.1488358405154173,2.5742986173920457,2.5747037323737887,2.3463054201354305,2.026325983807955,2.3081369922262986,2.316129453605346,,
2006-10-01,2.1401314125878304,1.7208597734236868,1.7192872763967415,2.3379062139544438,2.3387017632243206,2.366191471069712,1.8618209948072404,2.031903500725678,2.234991181703076,,
2007-01-01,2.0807928946687815,2.7502503052502183,2.74869935180142,2.4476628951195067,2.448443757738456,2.446452952485756,1.7827502802718005,1.9452207483278894,2.0254287641143227,,
2007-04-01,1.947448184145578,1.6597825190801865,1.6613507142512418,2.069543295741205,2.0695351652448,2.3573527555518003,1.9090501281437278,2.112656666591044,2.1983780428947557,,
2007-07-01,1.9657536310692652,1.9594763503102037,1.9594839504094352,2.0222053232147097,2.022592237016074,2.2193294320074664,1.7695957148965014,1.9131753738148785,1.9348594248844757,,
2007-10-01,2.013254628639121,2.7530632279392857,2.7561479170152836,2.281420483369345,2.2806431006449737,2.2052079993611917,1.8727589413047487,1.9935150961845256,1.9990845012962053,,
2008-01-01,2.1007687875088816,2.115506730391908,2.1124407643469567,2.1223558365057293,2.121957206930396,2.1238812347077474,1.9419302187472338,2.058421874454945,2.061907341500051,,
2008-04-01,2.106403319901789,1.6752513330248857,1.6767802651994401,2.126213224242779,2.1258244104165707,2.138048716833141,1.94082580840323,2.0572273960465894,2.0511465025346687,,
2008-07-01,1.9642827644190952,2.036532051190052,2.0365320511899654,2.1454752494379115,2.145088335636533,2.1688661983889412,1.9000288326994805,2.027616900963131,2.0333267685196166,,
2008-10-01,1.6998569743295147,-0.3182360797512198,-0.31520406547045354,1.3776372538164772,1.3772635087139065,1.9429203910007242,1.904091507318471,1.9865785449625921,1.9947338596203563,,
2009-01-01,1.7098965589675046,0.0,-0.0045480300396860684,0.8483900552198165,0.8483868261159295,1.624428945679246,1.694742943055906,1.7404333730489006,1.7286316577288012,,
2009-04-01,1.4776103342288738,1.5614735791017278,1.5629895948606531,0.8199423876351197,0.8199423876351399,1.2978612365273312,1.6213857432562973,1.2984878077214062,1.5255545629354055,,
2009-07-01,1.6308579076852723,1.4154824523408214,1.416987221518795,0.6650561802173272,0.6646799879228323,0.9277564692221851,1.7619863670036668,1.3744391294306166,1.8613244561686189,,
2009-10-01,1.8760280505817077,2.4841725603049034,2.4841632440153916,1.3648980075887884,1.3652821479368633,0.924571657665263,1.9427150082335443,1.5404499247907493,2.092130216585635,,
2010-01-01,1.7618325970627093,1.3660068251805304,1.366001726903221,1.7075354468245152,1.7067838542319957,1.1393580055664376,1.9653234619596238,1.9346912311405688,2.334337872158586,,
2010-04-01,1.8190316546765883,1.0805386935834689,1.0760756542293137,1.5858069616666803,1.5865501328524312,1.3308241490743278,1.7189476360112996,1.7717422357562371,1.7585144560817672,,
2010-07-01,1.6447104310757599,0.6104184443792973,0.6148751967291588,1.3852789554692713,1.38528413086205,1.5108798428873138,1.767781177603685,1.713993205335332,1.787376446145848,,
2010-10-01,1.637812781331699,1.2624336755702825,1.2624289991201465,1.07984539424546,1.0798494096783948,1.4396166895514817,1.6245812149965118,1.5328117399520163,1.5573501845241422,,
2011-01-01,1.598339907595363,1.7536701214174104,1.7521907302608497,1.1763926450848672,1.1767652337376147,1.3068309891165697,1.8554551353818405,1.6218614926249417,1.7745919463757178,,
2011-04-01,1.7514402724192115,2.335116998683773,2.3321882907563207,1.490420804216619,1.4904098100126908,1.2829844497540543,1.7898201580196516,1.7201657235034489,1.885327333209275,,
2011-07-01,1.7683834352089494,1.8189719107503326,1.8219006186775744,1.7921771597037228,1.7925481766054496,1.3847090008126672,1.9306788677303772,1.8949845864955428,1.99037805288391,,
2011-10-01,1.8150519242463958,1.4231006705793543,1.423100670579558,1.8323450775685757,1.8327149253577175,1.5728339216434462,1.741796274265405,1.7952065251787417,1.8112954309504286,,
2012-01-01,1.8978564772926547,2.515116856447345,2.5165602770652384,2.023437464269673,2.0230766091152015,1.7845951264396476,1.7410371942794658,1.7378694085796833,1.7350037360295332,,
2012-04-01,1.7401820875876413,1.650752094368467,1.6507461498299847,1.8530769290380888,1.8519853830363746,1.875259157645015,1.881102261928409,1.941773270176129,1.9234453903710111,,
2012-07-01,1.8065638236023265,1.1540664057390024,1.1540622643664733,1.6861173404603136,1.6857590067835422,1.8487442028341627,1.854246193033735,1.7970374235009945,1.783642758885952,,
2012-10-01,1.7954824051239455,1.7676931878138784,1.7648328335621244,1.7715503812059552,1.7719071360921732,1.8335455287435076,1.6766459737652954,1.74417399223456,1.7554666985631266,,
2013-01-01,1.697258847456013,1.55527504012865,1.5595450080951423,1.5322965639634312,1.5319466820124994,1.7107603036669472,1.7526996622098099,1.7897366334752112,1.7617604559110938,,
2013-04-01,1.7138370552113877,1.128482674143586,1.1270571978375443,1.401374325965321,1.401379326956279,1.5978346528987553,1.7898461659726916,1.7282563412393044,1.7545521637698867,,
2013-07-01,1.7541741257794885,1.5703104550479339,1.570304901288111,1.5054349851957305,1.505440339283512,1.5526640640826095,1.7339289045949586,1.6426195266119574,1.7116477839847644,,
2013-10-01,1.712230821965011,1.724468530317826,1.72024490824505,1.4942880038664619,1.494634174909499,1.4833484697477362,1.7366188170865966,1.6858583660754096,1.7511937859995075,,
2014-01-01,1.683119320914272,1.2590610606938841,1.2618727644106542,1.4198699429453399,1.4205806800508076,1.4552418144932133,1.7896517826168306,1.7120305100799162,1.7571793241715477,,
2014-04-01,1.7580209660852402,1.7451705204423562,1.742379855217635,1.5737006072903625,1.5747526416255,1.4983233848244737,1.7170955807935946,1.6263306309772354,1.6784632366587435,,
2014-07-01,1.653166408407792,1.4957818048588702,1.4999625873922895,1.5561150288164072,1.5561204790782341,1.5109933957296429,1.7458579892063697,1.6898170820206573,1.7360801195424616,,
2014-10-01,1.6414242233015308,1.0828264200230755,1.082822661978966,1.3967594672498862,1.3957099515045466,1.486611261575499,1.6721035188334665,1.632680424554882,1.6684224429626398,,
2015-01-01,1.5314602241679542,0.6690528334932455,0.6676664742286675,1.2482078947043895,1.2482078947043869,1.4436957495152614,1.683026846067563,1.5612209690028076,1.606570463289288,,
2015-04-01,1.6023484381745476,1.7773111720890935,1.7786890783948905,1.2572852004987034,1.2562430576160712,1.3645918978173466,1.4596116926009932,1.4176343493772798,1.4633002000223678,,
2015-07-01,1.4508084808593207,1.2876477520079965,1.2848963631856947,1.2035186444470547,1.2042095444033527,1.2764428017250085,1.7561906944233776,1.6086985635554045,1.66564090206079,,
2015-10-01,1.5464078653239974,0.9959057800024025,0.9959091954026889,1.1817902778029854,1.1824793843981845,1.2227005043632833,1.677735133191531,1.4665770279393673,1.573068897950308,,
2016-01-01,1.5692840428216814,1.6693607761738383,1.6720951998170364,1.4328974592000776,1.4325563700683326,1.2688728954872053,1.5867210583449143,1.4606001011807048,1.5929680208319512,,
2016-04-01,1.577509927916489,2.187894509203948,2.1878870669183925,1.535196956330953,1.5352022043470464,1.3383508344452677,1.4983551088300626,1.526900052921525,1.5642823853945524,,
2016-07-01,1.5785017168465971,1.734444279165855,1.731736317102417,1.6469069448101337,1.6469013361365108,1.4491979095360374,1.6817864441202253,1.5460676582659343,1.5926062844488804,,
2016-10-01,1.5787684712073702,1.3716588141357247,1.375702693975711,1.7418553194533892,1.7408395946698416,1.5892141699486384,1.5772717493666484,1.5179757144735018,1.467096104121389,,
2017-01-01,1.596382165196261,1.8537581789216526,1.8524055397911354,1.786932904446914,1.7869389453567952,1.6777230312603475,1.5473016054798874,1.493483153786249,1.3867999514010823,,
2017-04-01,1.5003579902656954,1.3366192589592913,1.3352790660718483,1.573780904235278,1.574120132795631,1.6873690182364287,1.4326503683845644,1.4929872584508237,1.3864344325803086,,
2017-07-01,1.5575040129782587,1.2083392536269568,1.2070075560622229,1.4425987139752294,1.4425938764109065,1.6362919605277026,1.4626942985004716,1.4446769311079857,1.4042718929414628,,
2017-10-01,1.5608161087658505,1.7738741818884816,1.7752058794531678,1.5424745103445936,1.5431477183490956,1.5864467582505037,1.5029566806810475,1.4603603324381131,1.4770390457345393,,
2018-01-01,1.460427419740097,2.5374757999353927,2.537475799935507,1.7137420753806865,1.7140771236025305,1.5681490509839469,1.4284494382413027,1.4531228972538388,1.5079381397591631,,
2018-04-01,1.3007973259960663,2.140338868747758,2.141649255033329,1.9153346226210566,1.9150070260496472,1.6535374805803915,1.4018139091446313,1.5336089557315393,1.4876497530279797,,
2018-07-01,1.30732809443416,1.2755926366054227,1.2729760319036387,1.9318267415814105,1.9318203717942635,1.7758444874819368,1.1590152056392033,1.5102079869934182,1.4356404428558065,,
2018-10-01,1.450381803761274,1.8609412536328696,1.8635476233541226,1.9539121775566493,1.9535871397303606,1.8787039042849507,1.4245616854818248,1.5151341711325848,1.4632528758573864,,
2019-01-01,1.495823759196925,1.6037702248977677,1.6011751205105895,1.71983700770042,1.7201607459709545,1.880227637364884,1.6090233854181015,1.5795309061970397,1.612059092286383,,
2019-04-01,1.511310016430728,1.6824827821667863,1.6863567581214767,1.6060138834724569,1.6056967243257114,1.8028974525777341,1.5567129544054277,1.5306413422611322,1.5174740035902061,,
2019-07-01,1.551096129126265,1.486624519281061,1.482760762420554,1.6584600661016857,1.6584546949946213,1.734555783707803,1.5753461327659446,1.5871315384501128,1.5906333243892463,,
2019-10-01,1.5717088000071184,1.4004727430741564,1.4030377167227215,1.5433325894438354,1.5433375673549428,1.6319108866795995,1.5969252966651573,1.5650211657730837,1.5829128768535736,,
2020-01-01,1.5827508623713025,1.697832833117579,1.7985251251584344,1.5926700906057967,1.5668532194098956,1.6001191574059437,1.5529858489210717,1.5984939502327968,1.6069057780172098,,
2020-04-01,1.5494137918438478,-0.7809511706617103,-0.7526592452098413,0.9829160897729672,0.9509947312027713,1.4443447089810713,1.5723138276270445,1.6232223040412113,1.6226609506051644,,
2020-07-01,1.756737235027936,3.019631352839799,2.96415445645124,1.3532645132806387,1.334246439592456,1.3680458207758095,1.4170200452212698,1.4070538471642673,1.252011132992447,,
2020-10-01,1.5387106181523262,1.798625604392964,1.793242944103568,1.4508158201258503,1.433784654922158,1.3449166284463132,1.574896317305267,1.4794211753414876,1.4207307449138171,,
2021-01-01,1.516483102248815,3.3479624264600494,3.4011855199125307,1.8514809188143744,1.8463170532577757,1.4096193354984576,1.5285818448184518,1.3797658597068299,1.384101721297773,,
2021-04-01,0.16534464238697888,5.755334073936355,5.646275668095413,3.451214647140688,3.480388364407292,2.026693974840388,1.308655215776277,1.40355804742074,1.4157254558116623,,
2021-07-01,-0.8805047300921216,4.789727434509892,4.718863743198298,3.8898919688274525,3.9229123848248153,2.6608508387270913,2.2237701292887606,3.8316460291256913,0.8001640057447407,,
2021-10-01,-2.3280432273738754,5.18091131756822,5.169614291443025,4.733984805662317,4.768483813118629,3.481643085111208,3.2062751490376034,5.5839808482667355,4.133712921722459,,
2022-01-01,2.9712114817784236,5.929962552049091,5.95112913083895,5.371470708393922,5.413983844515889,4.361640532506095,2.9306272889593883,5.959584438402164,3.186855654178202,,
2022-04-01,3.598391920469261,4.699052100785495,4.7476483472724595,5.146813878188183,5.149913351228174,4.785540340267969,3.3303254233346635,6.831596118307894,4.883040460286852,,
2022-07-01,4.386004824596182,5.0716268693285835,5.013761321552224,5.220538272776665,5.220388209932847,5.118201916255272,3.3358538162694247,5.688709569166386,4.497425705543828,,
2022-10-01,4.57149809424046,4.589739086055926,4.6052563158959,5.079448778889883,5.072595152054774,5.204567909562163,3.355210642314818,5.24440684781233,4.045471514987403,,
2023-01-01,4.2602910934430795,4.619083515254011,4.610510440361182,4.744294106270441,4.744875392856003,5.047773759031293,2.9416151253158973,4.777007120586107,3.634807411898722,,
2023-04-01,3.7722839489821745,3.777546104159442,3.8911294306007704,4.530164377102519,4.514498893699491,4.893611383759877,3.0881250921152885,4.637175495108117,4.096842229885693,,
2023-07-01,2.550782618434953,2.3250230875010747,2.34023919135673,3.8617838445536457,3.8278479482426135,4.553922776704122,2.94387206263258,4.096415534641167,3.4515076440119365,,
2023-10-01,2.0111752984320312,2.0059186525056623,2.1140630187133524,3.2389855202580087,3.1818928398550472,4.093806962046154,2.041057603438322,2.889027928849447,2.0004491575105288,,
2024-01-01,3.161725712754904,3.6790386898426912,3.9186505670670613,3.0660205519344785,2.946881633502217,3.674238573462163,1.6227494452722346,2.310661639970126,1.309989584415284,,
2024-04-01,3.0200286414480866,2.750324676495162,2.8421418063750536,2.8037736458780493,2.6900762765861477,3.2426408906560455,3.191701308980767,3.198357587993728,2.9746182393169374,,
2024-07-01,2.144925448990742,2.169158489850654,2.324435985128659,2.7998228443210316,2.6511101271735424,2.977150640597892,3.6230365409836285,3.093682215487047,3.239813349816994,,
2024-10-01,2.504870803490077,2.6037177758827057,2.68108003798595,2.941577099139181,2.8005599080178034,2.902798535318185,2.657745442170776,2.6922307684878013,2.708422331936678,,
2025-01-01,3.1841546449478493,3.468964566973274,3.2225548435167894,2.767553168251613,2.7480413773004493,2.8281816893974687,1.94932336673561,2.683526292693922,2.3734755922182655,,
2025-04-01,2.7075503319774112,2.4404343253007834,2.5666877007683553,2.6986896418499384,2.6705687895018544,2.801910688390441,2.1857788547852057,3.0103124232899847,3.017664254227375,,
