date,inflation,inflation.pcepilfe.yoy,inflation.expectations,exp.ma4,exp.ma4.yoy,exp.ma4.model
1959-01-01,2.723887422652197,,2.6217576583281175,,2.6217576583281175,
1959-04-01,2.1341612031851245,,2.532854624900056,,2.532854624900056,
1959-07-01,2.658156747102966,,2.129966665333348,,2.129966665333348,
1959-10-01,2.311484444741492,,2.2327131721546314,2.456922454420445,2.2327131721546314,
1960-01-01,1.2391348616682092,2.0878384034720643,1.8751453840287335,2.0857343141744478,1.8751453840287335,
1960-04-01,1.5120985748814426,1.932314807518365,2.0667339676553196,1.9302186570985276,2.0667339676553196,
1960-07-01,1.5815754749814934,1.656862567366879,2.26688278455106,1.6610733390681593,2.26688278455106,
1960-10-01,1.3007328077653575,1.412606798392435,2.0711666861515705,1.4083854298241258,1.7724056441874358,
1961-01-01,0.6737158886590708,1.2670041955706424,1.6562274107315986,1.267030686571841,1.5671970922120804,
1961-04-01,1.3191885265144017,1.2167070240602484,1.595692241803134,1.218803174480081,1.3882951463475512,
1961-07-01,1.7356833581508055,1.2594180676852584,1.6367810376692533,1.2573301452724088,1.288934021427146,
1961-10-01,0.9637665676256225,1.1710317127120895,1.5074936524028466,1.173088585237475,1.2285402500070597,
1962-01-01,1.4781982824199247,1.3700823000694307,1.5620451406935054,1.3742091836776886,1.2543097761317568,
1962-04-01,1.5217543051840854,1.4268920904403348,1.530534587987068,1.4248506283451094,1.3068560427267784,
1962-07-01,1.3206982343466696,1.3211043473940975,1.5210341128639344,1.3211043473940756,1.3222776126539881,
1962-10-01,0.7562130625552614,1.2692419125714505,1.4046339850883318,1.2692159711264852,1.3468301626188284,
1963-01-01,1.3138697944252646,1.2301831344396774,1.4926911855312388,1.2281338491278202,1.31185537121139,
1963-04-01,1.5032142797418506,1.2234740179295045,1.55278917125234,1.2234988427672615,1.2610008530836825,
1963-07-01,1.5458022981737622,1.2797748587240587,1.5724426739734427,1.2797748587240347,1.2506684809161728,
1963-10-01,1.9238899590684473,1.5737250139327585,1.658698783226682,1.5716940828523311,1.3267892562564998,
1964-01-01,1.6997362261507605,1.6661699081073955,1.6202853512059687,1.6681606907837052,1.4357859496734293,
1964-04-01,1.192677847069158,1.5845401948563431,1.5019759807796655,1.590526582615532,1.526052493905139,
1964-07-01,1.0941316211236471,1.477608913352979,1.4990114388156706,1.4776089133530033,1.575511007562369,
1964-10-01,1.0200758723503798,1.2516553916734896,1.513231451027656,1.2516553916734863,1.4949936019975518,
1965-01-01,1.5134514064712352,1.2051080336207942,1.6709951862678891,1.205084186753605,1.3797281333759015,
1965-04-01,1.225476714159123,1.2192145344632532,1.6443810089704716,1.2132839035260963,1.288396718277629,
1965-07-01,1.2451920425325316,1.2510490088783577,1.6347991684100958,1.2510490088783173,1.2317567421589737,
1965-10-01,1.334856775819105,1.3277959234442527,1.6551530681236415,1.3297442347454986,1.2507918751016645,
1966-01-01,2.005601216687151,1.4508714518921995,1.8014716383086,1.4527816872994777,1.3122327296695158,
1966-04-01,3.220498731169416,1.951499295588599,2.041547526238757,1.951537191552051,1.4953039199508522,
1966-07-01,3.2863360288283365,2.463730438538514,2.062942017186965,2.461823188126002,1.7984742773658913,
1966-10-01,3.441126478206559,2.992229838240723,2.0737030287045477,2.9883906137228657,2.214582756065009,
1967-01-01,2.19501017538028,3.0415005899105285,1.8474144924525486,3.035742853396148,2.612240040569591,
1967-04-01,2.6764979391308534,2.8978196709145365,1.9173530761240123,2.8997426553865076,2.8488201344010755,
1967-07-01,3.6150873681066584,2.9800232397935833,2.129362838003434,2.9819304902060875,2.977893334714843,
1967-10-01,4.022800110591609,3.1236252580795654,2.2869544564004745,3.1273488983023503,3.0107421896745534,
1968-01-01,4.526741037589472,3.7084010485566754,2.4472824141105662,3.710281613854648,3.17746730433609,
1968-04-01,4.626578440941069,4.1978017393072165,2.7210738062777953,4.197801739307202,3.50246282143426,
1968-07-01,4.446152761366902,4.405568087622225,3.181423482737128,4.405568087622263,3.8588490333914205,
1968-10-01,4.62848267854268,4.558821456616213,3.7281909884523703,4.556988729610031,4.2176480830255825,
1969-01-01,4.346960231337235,4.512043528046972,4.415343349368157,4.512043528046972,4.4185587028981566,
1969-04-01,4.7523674877429185,4.545202459052966,4.742240017426262,4.543490789747434,4.505408882834594,3.146207443552661
1969-07-01,4.59505219106167,4.5807156471711075,4.600770295260395,4.580715647171126,4.549195772721815,3.3942868323087843
1969-10-01,4.663304476193937,4.591093603085827,4.851545704629729,4.58942109658394,4.557263809339219,3.2104806253935125
1970-01-01,4.351557463480278,4.587261502016915,4.576371022859467,4.590570404619701,4.576068302831704,3.3543620386970674
1970-04-01,4.481452497408952,4.522765966168496,4.636177479384311,4.522841657036209,4.5704591796105865,2.964879309616631
1970-07-01,4.431799733830069,4.482028542728322,4.563635496918885,4.482028542728309,4.54578740349989,3.3622822439560984
1970-10-01,5.591260845020237,4.709154063414767,5.51678987460642,4.714017634934884,4.575302518582125,3.3985216262737468
1971-01-01,5.022897051872422,4.8851614346356875,5.100829878411902,4.88185253203292,4.649777501736818,4.4250858226715595
1971-04-01,4.53086883243213,4.894128476005566,5.109721849416275,4.894206615788715,4.742618129196085,3.3643470215944333
1971-07-01,3.7585168149211063,4.725885886061487,4.392089866399052,4.725885886061474,4.803582465029377,2.91774013354878
1971-10-01,2.2714218142911404,3.900651724176285,3.4067931645948644,3.8959261283792,4.601456880219756,3.126817882626922
1972-01-01,3.830235667009495,3.5962408520802125,4.068224300736672,3.597760782163468,4.279226734580888,2.0844103729001966
1972-04-01,2.6903078011350545,3.136062685684493,2.6211652268559873,3.1376205243391992,3.8397102870006194,3.937717369817979
1972-07-01,2.996133491919772,2.947024693588851,3.265358007560786,2.9470246935888653,3.3949949888824604,3.3974272548323095
1972-10-01,2.5095309739695115,3.003528349244311,2.6983733419704974,3.006551983508458,3.170714145149467,2.4672615155299464
1973-01-01,2.777912602757771,2.7435123497912883,2.915348660977633,2.743471217445527,2.957532019577236,2.573102453447666
1973-04-01,5.41108518294022,3.4222066353544633,4.505348881294201,3.4236655628968187,3.0290680069947284,3.291925527403676
1973-07-01,5.2870334927817355,3.993511000805583,4.771243216636836,3.9963905631123096,3.2906895837989114,4.6647172020628185
1973-10-01,5.524902315521631,4.750302481111257,5.064529406295223,4.750233398500339,3.727383116765648,3.8880570259339406
1974-01-01,6.808890725555887,5.758060673580179,5.79922070341202,5.7579779291998685,4.481020197712871,3.690706627435066
1974-04-01,9.812889985103347,6.859888057282992,8.57823176093375,6.858429129740649,5.340440553195003,5.36117901742205
1974-07-01,11.266080426514309,8.357394797231654,10.902984291351622,8.353190863173793,6.43141150230152,6.989135612955115
1974-10-01,9.656426396908275,9.388784687433516,9.513276547311438,9.386071883520454,7.591032053882086,6.447991863516615
1975-01-01,7.743366712710236,9.62108693366619,7.162937333213339,9.619690880309042,8.556788618903589,5.0553203135413165
1975-04-01,6.040585952569588,8.67911284257481,5.662163318926421,8.676614872175602,9.011594815226543,5.48915721811477
1975-07-01,5.965486099570808,7.350141918688591,5.687119921842534,7.351466290439727,8.759781595590777,4.586051578341834
1975-10-01,6.459431091701131,6.5521354741080895,5.924316288987398,6.55221746413794,8.05061929225942,4.832243534960296
1976-01-01,6.042040652490015,6.125693293456225,5.495446449979728,6.126885949082885,7.176770882206928,5.855757839724374
1976-04-01,4.765941182501366,5.805726786166643,4.588992787818287,5.80822475656583,6.458424368104888,5.217097894811778
1976-07-01,6.2164693322383595,5.870970564732714,6.02756713646192,5.870970564732718,6.088631529615918,4.201409301801789
1976-10-01,6.203602573515524,5.808087599163203,5.762705060947518,5.807013435186317,5.902619560879696,6.064715241330884
1977-01-01,6.675545379833767,5.968829413162702,6.10123323252346,5.965389617022254,5.863403590806316,5.472156467663738
1977-04-01,6.074914382324941,6.292632916978125,5.605267389430317,6.292632916978148,5.985130123509185,5.796075387405612
1977-07-01,6.598440788451038,6.388125781031295,6.074769553482746,6.3881257810313175,6.114418927583831,4.768921409464798
1977-10-01,5.770983078681808,6.2776859503371085,5.458082947785812,6.279970907322889,6.231818515377308,6.206112883285304
1978-01-01,6.1963263362468535,6.156862543266239,5.83585085494792,6.16016614642616,6.278826797903193,5.242231167600863
1978-04-01,6.837773343720016,6.35088088677489,6.36070399093838,6.350880886774929,6.293388790352383,5.544620417076042
1978-07-01,6.808622442907344,6.402405272315814,6.225104058212618,6.403426300389006,6.2969586631735135,6.246016310102808
1978-10-01,7.116156108926849,6.738716533832534,6.41863309953417,6.739719557950266,6.412216309047369,6.0647072116898215
1979-01-01,5.427459239760306,6.5475697401888855,5.177266513292492,6.547502783828628,6.50989310827803,5.887231135633433
1979-04-01,8.691653592649235,7.0119410736719345,7.760668009004107,7.010972846060934,6.675158155002292,5.010081927459107
1979-07-01,7.32212127626352,7.139417908207424,6.720698928835479,7.139347554399977,6.859411313975194,7.316009769056755
1979-10-01,8.253535265769338,7.42469536772834,7.115307772152168,7.4236923436105995,7.030906022449146,6.55702933305327
1980-01-01,9.671480195207236,8.484778076354704,8.248280637299496,8.484697582472332,7.515208106490601,6.014758455635471
1980-04-01,8.846099465834419,8.52234082315766,7.610520148184352,8.523309050768628,7.892808043862033,6.915524257187537
1980-07-01,8.811277604022903,8.895679048897387,7.429934790687213,8.895598132708473,8.331873329034522,7.203984933791181
1980-10-01,9.631317019406376,9.238345432277839,8.376099708263316,9.240043571117734,8.785285845171897,6.718166226218408
1981-01-01,8.767419059496271,9.01576795061625,7.835953268340239,9.014028287189992,8.918033313737284,7.536228743593327
1981-04-01,7.494942604337594,8.675423833378915,6.829388980648279,8.676239071815786,8.956304066292597,7.22310303775964
1981-07-01,7.299454944904832,8.298352668805364,6.82249243560892,8.298283407036267,8.806972471269592,6.351825730511877
1981-10-01,7.045955907758613,7.654427780841377,6.825978707527701,7.651943129124327,8.410993058410476,6.45861272533479
1982-01-01,5.818591056880105,6.913130316698535,6.002931001432131,6.9147361284702855,7.885333649931047,6.797665395026372
1982-04-01,5.377393714884013,6.384634519531307,5.781690947459119,6.385348906106891,7.312636321469146,6.144021986472887
1982-07-01,6.355265364689257,6.150102007360703,6.709971563868861,6.149301511052998,6.77557365610798,6.072282021374217
1982-10-01,5.534899538599214,5.770008496098011,6.426911329540605,5.771537418763147,6.304468834922139,6.819459958570276
1983-01-01,5.22200628065746,5.621700818941688,6.121103930555058,5.622391224707486,5.981611460482927,6.343324105485575
1983-04-01,3.0484347007100925,5.04022665649928,5.214692021257929,5.040151471164006,5.645509494724921,6.273303737120559
1983-07-01,6.028045228814596,4.9583464371953045,6.834961208089878,4.95834643719534,5.347570602183572,5.069521929371185
1983-10-01,3.1850165068762974,4.3723287428184765,6.018599596401835,4.3708756792646115,4.9981506638636874,6.891046127076148
1984-01-01,4.021925191245167,4.072320973426269,5.540639296837617,4.070855406911538,4.610805702484832,4.988431601525122
1984-04-01,4.658388868773038,4.4741029855662084,6.662721143102612,4.473343948927274,4.469274784751565,5.34989405449103
1984-07-01,3.7376463316431705,3.9000552892806795,5.564625850031396,3.900744224634418,4.204701997772908,6.46681565694397
1984-10-01,2.833853190846283,3.8122427418609828,4.317529263107845,3.8129533956269146,4.064680497533535,5.574963839374406
1985-01-01,5.421960085753641,4.1622872575163505,5.523426016760082,4.162962119254033,4.087172068556056,4.7364480394873345
1985-04-01,3.4511472576632527,3.861847119514783,4.645502320952232,3.8611517164765865,3.934108102043199,5.8796045412750635
1985-07-01,4.089737486241422,3.949201182245554,4.304508513763629,3.9491745051261495,3.9463945752844176,5.702616592574408
1985-10-01,2.8586539161733726,3.954717144284814,3.7787320697866162,3.955374686457922,3.9820131758903754,5.3521943011960955
1986-01-01,4.2929729769834,3.6738027710030874,3.954829372057108,3.6731279092653617,3.8598920542620596,4.0201152428768605
1986-04-01,2.7306515467419517,3.4936500744496612,3.4932085268933717,3.493003981535036,3.767842792995779,4.627167575862444
1986-07-01,2.7429385340934096,3.1563248200129568,2.9011638307699914,3.1563042434980333,3.56962370243763,5.1625249301865415
1986-10-01,3.243976099234527,3.2526558326887667,3.1988963980697296,3.252634789263322,3.394108374538618,4.794422591861035
1987-01-01,2.5202089631837326,2.810076282880214,2.8787723083966372,2.8094437858134054,3.1781767525078997,4.444732586540636
1987-04-01,3.8673186796945638,3.0929644761369612,3.331512006489403,3.0936105690515583,3.0780053529297247,3.901133625550364
1987-07-01,3.569614814354432,3.300300470830564,3.671061028221435,3.300279639116814,3.1139992656341264,4.897512919552337
1987-10-01,4.047252066233875,3.500505926199571,3.8238845149239227,3.5010986308666507,3.1759617890118275,5.291094483549055
1988-01-01,3.8314328574832732,3.829489578079315,3.952993186055937,3.828904604441536,3.4308151128116027,5.237522713338009
1988-04-01,4.821260037902813,4.067991388060843,4.456297336707587,4.067389943993598,3.674571840792573,4.935422788324113
1988-07-01,4.5855027078799795,4.321388175196583,4.708455129229467,4.321361917374984,3.929843766884078,4.979391981114814
1988-10-01,4.441809576627674,4.421230498388251,4.476529271393162,4.420001294973435,4.1600249099312485,5.056401006418068
1989-01-01,4.344169092343378,4.546386208634257,4.388577889377142,4.548185353688461,4.339249067569984,4.9467535023968425
1989-04-01,3.620185742010419,4.24731533564815,3.934967475765141,4.2479167797153625,4.384080054466811,4.7841776094504445
1989-07-01,2.970250974311104,3.843554096989976,3.3096725913315335,3.8441038463231436,4.264621534915158,4.362676157777208
1989-10-01,3.6429439574269926,3.643820459708902,3.453962380628964,3.644387441522974,4.070269025245321,3.9432532914048553
1990-01-01,4.579828314431115,3.7033233942747934,4.284492052217446,3.703302247044908,3.8595033216554553,4.289842903407074
1990-04-01,4.44151720579341,3.908635112990666,4.370738626129256,3.9086351129906554,3.7748332659910844,5.097700282865955
1990-07-01,4.024125540805954,4.172699307445438,4.06314515398101,4.172103754614368,3.8571195686049498,5.466800381405438
1990-10-01,3.3445559228934205,4.097529508627051,3.653057661286817,4.097506745980975,3.970546830834487,4.809934534017149
1991-01-01,3.5304960060085198,3.8362736299669464,3.5718623922690025,3.835173668875326,4.003784389757525,3.6627078621547433
1991-04-01,3.0758717778012623,3.4932270071951876,3.4395825285691326,3.493762311877289,3.899932363308656,3.755954389615928
1991-07-01,3.581159012197984,3.3840999991278764,3.5048164736073932,3.3830206797252966,3.7027825362292655,3.6578322585165313
1991-10-01,3.1390117891532956,3.331652479022118,3.47318111944135,3.3316346462902655,3.511313278828032,3.9788261419046997
1992-01-01,3.045620137951029,3.2103986362875148,3.4446948318652266,3.2104156792758927,3.354844530408174,3.8894286031560212
1992-04-01,2.8172429820384335,3.145775057662892,3.317120199806007,3.1457584803351857,3.2679815430251002,3.70740361546566
1992-07-01,2.358424210050978,2.8400599243200375,3.1849732641702913,2.840074779798434,3.1319715243231405,3.6113505696868096
1992-10-01,2.922466257751518,2.7864647833840017,3.1672518578088025,2.7859383969479894,2.9956746004136114,3.533409536302721
1993-01-01,2.7487730323957122,2.7112042295756034,3.2122452530047267,2.7117266205591606,2.8708759987356336,3.4742179167575804
1993-04-01,3.0268180653673666,2.764134533325713,3.2878185088173444,2.7641203913913936,2.775465867651339,3.5199164834680463
1993-07-01,2.2280816302093527,2.731019071192975,3.183435743887072,2.7315347464309876,2.748205654369573,3.513861460472026
1993-10-01,2.054027726396691,2.5139259011000448,2.9554308690889646,2.5144251135922806,2.680070933798584,3.2354912158022344
1994-01-01,1.811026127418448,2.279491429969571,2.6169689371365426,2.2799883873479647,2.572142733897076,2.989228242355108
1994-04-01,2.6805250348848397,2.193919715147352,2.6826342188989587,2.1934151297273328,2.4295890293524858,2.806238901303958
1994-07-01,2.2270029244917873,2.193145453297962,2.6153467741933207,2.1931454532979413,2.2951206248787326,3.2022450954046224
1994-10-01,2.0271653585056884,2.1869290738174563,2.4998697491464963,2.186429861325191,2.2133714180580855,3.03217142983474
1995-01-01,2.092745943033316,2.256870905273445,2.430536497200379,2.256859815228908,2.207716286884054,2.805357106773845
1995-04-01,2.365959273696303,2.178218374931795,2.4699852763146017,2.178218374931774,2.2037909518301646,2.842116580643847
1995-07-01,1.902356229256635,2.0970567011230123,2.3430476293669016,2.0970567011229857,2.179768763786427,3.0812793336562634
1995-10-01,2.002420891627255,2.090392274559072,2.2404645830151444,2.090870584403377,2.155634563971831,2.7978164268079526
1996-01-01,1.569595437755691,1.9600923887827193,2.0108626184539107,1.960082958083971,2.0814399348491497,2.74029804719374
1996-04-01,1.8936296594902016,1.8424747387577156,1.9719345979065372,1.8420005545324458,1.9975040258056298,2.2456863707189925
1996-07-01,1.8224042083030234,1.8220125492939943,1.9313364483015372,1.8220125492940429,1.9287429878483753,2.6547289634746534
1996-10-01,2.2706152643270965,1.8895394523132936,2.1354704566987555,1.8890611424690031,1.8785297822869307,2.7315338127805986
1997-01-01,1.5683318643307897,1.8892216857478772,1.8563918719313177,1.8887452491127779,1.8608121065282202,2.681483195526698
1997-04-01,2.0815893879534304,1.9352609970033186,2.1057448531943783,1.935735181228585,1.884008671089621,2.342028445071147
1997-07-01,0.9309654602746807,1.7133395065828338,1.406186757911942,1.7128754942214994,1.8568404104118308,2.627315834878572
1997-10-01,1.2675303514205352,1.4616417195378872,1.3987116237256336,1.462104265994859,1.7498659772179792,1.8763849816246494
1998-01-01,1.1749880281048086,1.3637683069384288,1.117125058195729,1.3637683069383637,1.618502632515617,2.0652577121568116
1998-04-01,1.2212062671592294,1.1491323084814375,1.1265885738551031,1.1486725267398135,1.4219704603851469,2.4280348276941304
1998-07-01,1.4209606417470801,1.2702491563339358,1.179753554769868,1.2711713221079133,1.3111978728229223,1.7978985394239533
1998-10-01,1.2679864882000218,1.2726613032585377,1.1681763143542978,1.271285356302785,1.263952768753085,2.41009752394335
1999-01-01,1.0071298031157878,1.2288652451326598,1.1400394550944952,1.2293208000555298,1.2302270033016427,2.1222740913624483
1999-04-01,1.3861237915201388,1.2696364203915955,1.2054974031013548,1.2705501811457571,1.2603530312791822,1.4759116503390928
1999-07-01,1.4681908816149343,1.2828158945254131,1.2084664714440367,1.2823577411127207,1.2634947158270515,2.101609732883824
1999-10-01,1.8790181909849588,1.4337520703624484,1.492565502776673,1.4351156668089549,1.3037674076030292,2.183152807916971
2000-01-01,2.0906346422542867,1.7059995824237006,1.676908197703065,1.7059918765935795,1.4230509919257894,2.2040854652514446
2000-04-01,1.3894956937376903,1.707735125246046,1.6375537354782477,1.7068348521479675,1.532575668139402,2.315391521546868
2000-07-01,1.928692989322909,1.8215162297431142,1.8237219079635756,1.8219603790749614,1.6672507519438273,1.760685584347303
2000-10-01,1.9724770981243231,1.8462172643866737,1.807241199321814,1.8453251058598021,1.7703670504498836,2.0156248725100925
2001-01-01,2.5956095386702636,1.9715775731639518,2.0416268260776924,1.9715688299637963,1.8367615481349464,2.3080811956212988
2001-04-01,1.509425830180412,2.000667617971974,1.9376592544132003,2.001551364074477,1.9099946713164284,2.304688782739033
2001-07-01,1.0275639031076593,1.7771495696306872,1.649510444690897,1.7762690925206643,1.8989030062883216,1.7493172437467674
2001-10-01,1.9274125005292755,1.7645609805428286,1.5409733796232588,1.7650029431219025,1.8784889353273604,1.486547379333894
2002-01-01,1.2278566390732422,1.4230709227453175,1.5315294038458511,1.4230647182226472,1.7413622727227018,1.8239650416371993
2002-04-01,2.1965552789116254,1.5944234692677028,1.7275380161694,1.5948470804054506,1.639801235546634,1.7187727923755138
2002-07-01,2.1228956179785925,1.868671931280197,1.7500463858476885,1.8686800091231839,1.6626818259590115,1.8659634505976395
2002-10-01,1.4209788651872215,1.742071600287698,1.8317652157733675,1.7420716002876704,1.6570594808952288,2.057164193341276
2003-01-01,1.2322096829790545,1.7435927626340941,1.6511586509539062,1.7431598612641235,1.737189940867423,1.7418952573132265
2003-04-01,1.5133294061205556,1.5732144562210948,1.5164295343337184,1.572353393066356,1.731887687605771,1.6686099916975519
2003-07-01,1.8266957194657893,1.4978751685029934,1.5868564372529257,1.4983034184381552,1.63918849691147,1.6984280871265047
2003-10-01,1.7881526975654514,1.5900968765326873,1.6814419148909754,1.5900968765327128,1.6011948159727174,1.7896088612143553
2004-01-01,2.1914282725451524,1.8307369318538491,1.7743163604383614,1.829901523924237,1.6229808582776561,1.7468910034902758
2004-04-01,2.2841639238049334,2.022194825246526,1.8380488498074024,2.0226101533453313,1.735225950534014,1.8025286082143324
2004-07-01,1.4278355739396427,1.9228951169637298,1.7962759317955657,1.922895116963795,1.841480937649198,1.823985528754923
2004-10-01,2.164349322108418,2.0165326581488507,1.8051644535428193,2.0169442730995364,1.948089883053239,1.6821646327253885
2005-01-01,2.8350063303863764,2.1770033796301824,1.920612556084392,2.1778387875598426,2.0346564949973223,1.6872653423041024
2005-04-01,1.9765206556777741,2.101343298626812,1.899513945600018,2.1009279705280526,2.054443613342394,1.9001578256722313
2005-07-01,1.553797244928272,2.1328235032569864,1.827958811829157,2.13241838827521,2.106925709915708,1.786307464178837
2005-10-01,2.66486765002156,2.2583620102173185,1.8717369153711403,2.2575479702534955,2.167383047932825,1.7082201167355562
2006-01-01,2.3112823271936747,2.1266169694553305,1.8822649632119681,2.1266169694553203,2.154786445389112,1.8433695415641704
2006-04-01,3.17541688905481,2.4259440834770274,2.1625889434776324,2.4263410277995794,2.2359366416016657,1.832555485639233
2006-07-01,2.14724806322511,2.5742986173920457,2.1581253916769443,2.5747037323737887,2.3463054201354305,2.026325983807955
2006-10-01,1.7208597734236868,2.3379062139544438,2.1401314125878304,2.3387017632243206,2.366191471069712,1.8618209948072404
2007-01-01,2.7502503052502183,2.4476628951195067,2.0807928946687815,2.448443757738456,2.446452952485756,1.7827502802718005
2007-04-01,1.6597825190801865,2.069543295741205,1.947448184145578,2.0695351652448,2.3573527555518003,1.9090501281437278
2007-07-01,1.9594763503102037,2.0222053232147097,1.9657536310692652,2.022592237016074,2.2193294320074664,1.7695957148965014
2007-10-01,2.7530632279392857,2.281420483369345,2.013254628639121,2.2806431006449737,2.2052079993611917,1.8727589413047487
2008-01-01,2.115506730391908,2.1223558365057293,2.1007687875088816,2.121957206930396,2.1238812347077474,1.9419302187472338
2008-04-01,1.6752513330248857,2.126213224242779,2.106403319901789,2.1258244104165707,2.138048716833141,1.94082580840323
2008-07-01,2.036532051190052,2.1454752494379115,1.9642827644190952,2.145088335636533,2.1688661983889412,1.9000288326994805
2008-10-01,-0.3182360797512198,1.3776372538164772,1.6998569743295147,1.3772635087139065,1.9429203910007242,1.904091507318471
2009-01-01,0.0,0.8483900552198165,1.7098965589675046,0.8483868261159295,1.624428945679246,1.694742943055906
2009-04-01,1.5614735791017278,0.8199423876351197,1.4776103342288738,0.8199423876351399,1.2978612365273312,1.6213857432562973
2009-07-01,1.4154824523408214,0.6650561802173272,1.6308579076852723,0.6646799879228323,0.9277564692221851,1.7619863670036668
2009-10-01,2.4841725603049034,1.3648980075887884,1.8760280505817077,1.3652821479368633,0.924571657665263,1.9427150082335443
2010-01-01,1.3660068251805304,1.7075354468245152,1.7618325970627093,1.7067838542319957,1.1393580055664376,1.9653234619596238
2010-04-01,1.0805386935834689,1.5858069616666803,1.8190316546765883,1.5865501328524312,1.3308241490743278,1.7189476360112996
2010-07-01,0.6104184443792973,1.3852789554692713,1.6447104310757599,1.38528413086205,1.5108798428873138,1.767781177603685
2010-10-01,1.2624336755702825,1.07984539424546,1.637812781331699,1.0798494096783948,1.4396166895514817,1.6245812149965118
2011-01-01,1.7536701214174104,1.1763926450848672,1.598339907595363,1.1767652337376147,1.3068309891165697,1.8554551353818405
2011-04-01,2.335116998683773,1.490420804216619,1.7514402724192115,1.4904098100126908,1.2829844497540543,1.7898201580196516
2011-07-01,1.8189719107503326,1.7921771597037228,1.7683834352089494,1.7925481766054496,1.3847090008126672,1.9306788677303772
2011-10-01,1.4231006705793543,1.8323450775685757,1.8150519242463958,1.8327149253577175,1.5728339216434462,1.741796274265405
2012-01-01,2.515116856447345,2.023437464269673,1.8978564772926547,2.0230766091152015,1.7845951264396476,1.7410371942794658
2012-04-01,1.650752094368467,1.8530769290380888,1.7401820875876413,1.8519853830363746,1.875259157645015,1.881102261928409
2012-07-01,1.1540664057390024,1.6861173404603136,1.8065638236023265,1.6857590067835422,1.8487442028341627,1.854246193033735
2012-10-01,1.7676931878138784,1.7715503812059552,1.7954824051239455,1.7719071360921732,1.8335455287435076,1.6766459737652954
2013-01-01,1.55527504012865,1.5322965639634312,1.697258847456013,1.5319466820124994,1.7107603036669472,1.7526996622098099
2013-04-01,1.128482674143586,1.401374325965321,1.7138370552113877,1.401379326956279,1.5978346528987553,1.7898461659726916
2013-07-01,1.5703104550479339,1.5054349851957305,1.7541741257794885,1.505440339283512,1.5526640640826095,1.7339289045949586
2013-10-01,1.724468530317826,1.4942880038664619,1.712230821965011,1.494634174909499,1.4833484697477362,1.7366188170865966
2014-01-01,1.2590610606938841,1.4198699429453399,1.683119320914272,1.4205806800508076,1.4552418144932133,1.7896517826168306
2014-04-01,1.7451705204423562,1.5737006072903625,1.7580209660852402,1.5747526416255,1.4983233848244737,1.7170955807935946
2014-07-01,1.4957818048588702,1.5561150288164072,1.653166408407792,1.5561204790782341,1.5109933957296429,1.7458579892063697
2014-10-01,1.0828264200230755,1.3967594672498862,1.6414242233015308,1.3957099515045466,1.486611261575499,1.6721035188334665
2015-01-01,0.6690528334932455,1.2482078947043895,1.5314602241679542,1.2482078947043869,1.4436957495152614,1.683026846067563
2015-04-01,1.7773111720890935,1.2572852004987034,1.6023484381745476,1.2562430576160712,1.3645918978173466,1.4596116926009932
2015-07-01,1.2876477520079965,1.2035186444470547,1.4508084808593207,1.2042095444033527,1.2764428017250085,1.7561906944233776
2015-10-01,0.9959057800024025,1.1817902778029854,1.5464078653239974,1.1824793843981845,1.2227005043632833,1.677735133191531
2016-01-01,1.6693607761738383,1.4328974592000776,1.5692840428216814,1.4325563700683326,1.2688728954872053,1.5867210583449143
2016-04-01,2.187894509203948,1.535196956330953,1.577509927916489,1.5352022043470464,1.3383508344452677,1.4983551088300626
2016-07-01,1.734444279165855,1.6469069448101337,1.5785017168465971,1.6469013361365108,1.4491979095360374,1.6817864441202253
2016-10-01,1.3716588141357247,1.7418553194533892,1.5787684712073702,1.7408395946698416,1.5892141699486384,1.5772717493666484
2017-01-01,1.8537581789216526,1.786932904446914,1.596382165196261,1.7869389453567952,1.6777230312603475,1.5473016054798874
2017-04-01,1.3366192589592913,1.573780904235278,1.5003579902656954,1.574120132795631,1.6873690182364287,1.4326503683845644
2017-07-01,1.2083392536269568,1.4425987139752294,1.5575040129782587,1.4425938764109065,1.6362919605277026,1.4626942985004716
2017-10-01,1.7738741818884816,1.5424745103445936,1.5608161087658505,1.5431477183490956,1.5864467582505037,1.5029566806810475
2018-01-01,2.5374757999353927,1.7137420753806865,1.460427419740097,1.7140771236025305,1.5681490509839469,1.4284494382413027
2018-04-01,2.140338868747758,1.9153346226210566,1.3007973259960663,1.9150070260496472,1.6535374805803915,1.4018139091446313
2018-07-01,1.2755926366054227,1.9318267415814105,1.30732809443416,1.9318203717942635,1.7758444874819368,1.1590152056392033
2018-10-01,1.8609412536328696,1.9539121775566493,1.450381803761274,1.9535871397303606,1.8787039042849507,1.4245616854818248
2019-01-01,1.6037702248977677,1.71983700770042,1.495823759196925,1.7201607459709545,1.880227637364884,1.6090233854181015
2019-04-01,1.6824827821667863,1.6060138834724569,1.511310016430728,1.6056967243257114,1.8028974525777341,1.5567129544054277
2019-07-01,1.486624519281061,1.6584600661016857,1.551096129126265,1.6584546949946213,1.734555783707803,1.5753461327659446
2019-10-01,1.4004727430741564,1.5433325894438354,1.5717088000071184,1.5433375673549428,1.6319108866795995,1.5969252966651573
2020-01-01,1.697832833117579,1.5926700906057967,1.5827508623713025,1.5668532194098956,1.6001191574059437,1.5529858489210717
2020-04-01,-0.7809511706617103,0.9829160897729672,1.5494137918438478,0.9509947312027713,1.4443447089810713,1.5723138276270445
2020-07-01,3.019631352839799,1.3532645132806387,1.756737235027936,1.334246439592456,1.3680458207758095,1.4170200452212698
2020-10-01,1.798625604392964,1.4508158201258503,1.5387106181523262,1.433784654922158,1.3449166284463132,1.574896317305267
2021-01-01,3.3479624264600494,1.8514809188143744,1.516483102248815,1.8463170532577757,1.4096193354984576,1.5285818448184518
2021-04-01,5.755334073936355,3.451214647140688,0.16534464238697888,3.480388364407292,2.026693974840388,1.308655215776277
2021-07-01,4.789727434509892,3.8898919688274525,-0.8805047300921216,3.9229123848248153,2.6608508387270913,2.2237701292887606
2021-10-01,5.18091131756822,4.733984805662317,-2.3280432273738754,4.768483813118629,3.481643085111208,3.2062751490376034
2022-01-01,5.929962552049091,5.371470708393922,2.9712114817784236,5.413983844515889,4.361640532506095,2.9306272889593883
2022-04-01,4.699052100785495,5.146813878188183,3.598391920469261,5.149913351228174,4.785540340267969,3.3303254233346635
2022-07-01,5.0716268693285835,5.220538272776665,4.386004824596182,5.220388209932847,5.118201916255272,3.3358538162694247
2022-10-01,4.589739086055926,5.079448778889883,4.57149809424046,5.072595152054774,5.204567909562163,3.355210642314818
2023-01-01,4.619083515254011,4.744294106270441,4.2602910934430795,4.744875392856003,5.047773759031293,2.9416151253158973
2023-04-01,3.777546104159442,4.530164377102519,3.7722839489821745,4.514498893699491,4.893611383759877,3.0881250921152885
2023-07-01,2.3250230875010747,3.8617838445536457,2.550782618434953,3.8278479482426135,4.553922776704122,2.94387206263258
2023-10-01,2.0059186525056623,3.2389855202580087,2.0111752984320312,3.1818928398550472,4.093806962046154,2.041057603438322
2024-01-01,3.6790386898426912,3.0660205519344785,3.161725712754904,2.946881633502217,3.674238573462163,1.6227494452722346
2024-04-01,2.750324676495162,2.8037736458780493,3.0200286414480866,2.6900762765861477,3.2426408906560455,3.191701308980767
2024-07-01,2.169158489850654,2.7998228443210316,2.144925448990742,2.6511101271735424,2.977150640597892,3.6230365409836285
2024-10-01,2.6037177758827057,2.941577099139181,2.504870803490077,2.8005599080178034,2.902798535318185,2.657745442170776
2025-01-01,3.468964566973274,2.767553168251613,3.1841546449478493,2.7480413773004493,2.8281816893974687,1.94932336673561
2025-04-01,2.4404343253007834,2.6986896418499384,2.7075503319774112,2.6705687895018544,2.801910688390441,2.1857788547852057
