Date,rstar_filtered,g_filtered,z_filtered,output_gap_filtered,rstar_smoothed,g_smoothed,z_smoothed,output_gap_smoothed
1961-01-01,5.0760558883932125,4.796124755164609,0.0024009676635746782,-3.7365134716102375,4.385364859439994,4.203616741666454,-0.06149627428076564,-3.374166932289768
1961-04-01,5.287395301327597,4.990623843244994,0.00798650518972759,-3.4256465233348763,4.370718531257484,4.195973894853902,-0.06805749848487348,-2.90717407725856
1961-07-01,5.255584968527508,4.958414945928992,0.010248853710664751,-2.707698770838988,4.352454090592831,4.185618772628919,-0.07536761258098505,-2.162679735921529
1961-10-01,5.250761759721137,4.9561459179521785,0.007825971323542657,-2.0180770013754454,4.331647929375284,4.173044797051854,-0.08287219881530977,-1.3840206188369848
1962-01-01,5.1070762593305865,4.818506149600667,0.009744833545275052,-1.2220118114647676,4.311191903897984,4.159712284075082,-0.08922421876242714,-0.7832433773304501
1962-04-01,4.6174387909549885,4.364041444160869,0.0008698988318015122,-0.6337042144958787,4.300022488230267,4.153628577845283,-0.09395789148666513,-0.6057455493357793
1962-07-01,4.5068761574669916,4.2617091929122655,-0.0014389763406438723,-0.2801897025942708,4.292500976144921,4.14905636460719,-0.09664261692064306,-0.47354561443012244
1962-10-01,4.071745602958762,3.866466220678536,-0.018455625701165632,-0.11437700214753477,4.2981209015958095,4.155261278988348,-0.0975866563350912,-0.6653540627496568
1963-01-01,4.059023602415999,3.8517766318107314,-0.015638016945322634,0.05942255874720104,4.305124120647751,4.162354101995362,-0.09808669005251341,-0.5960758709315996
1963-04-01,4.0258357371395075,3.8187986408190238,-0.013939603233619719,0.31678685386043526,4.313317312569672,4.171118218735917,-0.09916475488401254,-0.38217015434918267
1963-07-01,4.332362911397249,4.09848662015911,-0.00328469358277721,0.7260540650930807,4.312114481932759,4.170760824275419,-0.09998951025063653,0.19427825870639026
1963-10-01,4.076411600174905,3.856086855301457,-0.002809655922224124,1.1444803019074925,4.32002299272733,4.178916294543296,-0.10070839010325758,0.3005430936113953
1964-01-01,4.360686088138941,4.120147306360928,0.002124390481093898,1.3921774985748243,4.317474708536254,4.17757284917144,-0.10183548978191959,0.8099677628021027
1964-04-01,4.28008453806862,4.056353104974726,-0.010991474729052687,1.6127440146379968,4.318584902888643,4.179322451068419,-0.10257613891819573,1.0047857541221674
1964-07-01,4.375672537554559,4.150147547717715,-0.014625380479757118,1.7898048896406635,4.31667065822855,4.17743903311124,-0.10249798069595353,1.2398221154521707
1964-10-01,4.136041687795464,3.9385437320995282,-0.030407853651005658,1.7928392548824377,4.324257545851532,4.185299278525776,-0.10322617553254737,1.1346461832567911
1965-01-01,4.493098826108234,4.260227311069032,-0.013648676019728839,2.0219676980857457,4.31456646745852,4.178678941009546,-0.10591382725698853,1.7592470318189726
1965-04-01,4.463030866626066,4.235736445822186,-0.017808594048474527,2.292591579747068,4.303904570491092,4.172978681985341,-0.11054561685149002,2.1579192364030177
1965-07-01,4.696650335656495,4.453164172397807,-0.014198416093211316,2.567128660653566,4.278597948249285,4.156615359341458,-0.11854204457381129,2.915117098808082
1965-10-01,4.898009380870638,4.641744153744696,-0.012331627472569936,2.962734799343707,4.239624735227365,4.130132635789008,-0.12950009795637257,3.7597790330257794
1966-01-01,5.115292745044078,4.824335812203364,0.01179432030434728,3.5378162659634427,4.188237557253381,4.092164968404843,-0.14072259042152757,4.472206740483898
1966-04-01,4.877725748926465,4.569937031734619,0.04334701773994405,3.8686213659269697,4.147741570236104,4.063645228703603,-0.15104852868907165,4.286151089979057
1966-07-01,4.865102160803418,4.534051398426069,0.06868560310359957,3.8175198451549477,4.106272394488289,4.0344696833857405,-0.1616539015494523,4.093984045170259
1966-10-01,4.850052924641581,4.505034750236697,0.08433207803863364,3.683682915422878,4.0638152171259065,4.0045916987038135,-0.17250418965406328,3.877777727646844
1967-01-01,4.815154786193197,4.530698513608193,0.022285129673657172,3.103821154392449,4.02038689710362,3.9732141528100953,-0.18273928634481432,3.6277757045587578
1967-04-01,4.630104427424822,4.357619938867184,0.020328624221333566,2.7824421162837325,3.9850588962043743,3.949215626560606,-0.19268007423112377,3.111135655963949
1967-07-01,4.675672879335159,4.367089768572855,0.05587926997829397,2.7170422252547723,3.946150208573059,3.9224667907433695,-0.20329209123856323,2.949211911638713
1967-10-01,4.633420211713068,4.301125744330942,0.08340766796041207,2.7619603098177095,3.9068845747949523,3.897155265099122,-0.2157815352401581,2.933356306614769
1968-01-01,4.859546480675207,4.471274330075417,0.1295396178865325,3.1072055366648783,3.8529627566379743,3.8602085471672978,-0.23061869509300137,3.452259735475195
1968-04-01,4.944590291543162,4.526767544261517,0.1558790718840306,3.486822771581501,3.7925521245300353,3.817559329631657,-0.2459121912920047,3.8385313835977968
1968-07-01,4.853560268458641,4.439437444074147,0.15723254905486497,3.5199795146431825,3.734990083657734,3.7772070518020584,-0.2607869495300654,3.7625005560261116
1968-10-01,4.740307471937981,4.327853062843753,0.16202101997549184,3.3152886143136584,3.680561960685764,3.740632642399885,-0.2765242665474377,3.4924086965110064
1969-01-01,4.870242914852209,4.457761256094008,0.15453106685148976,3.1816576327163375,3.6162343891606445,3.6949526351603654,-0.2925285342927324,3.5904518564672117
1969-04-01,4.7072913863792145,4.29413129916114,0.16467802487579508,3.133363759738245,3.5595540139582655,3.6555176057246044,-0.30749195229327614,3.266748187876715
1969-07-01,4.661364658055934,4.258789595073172,0.156138066081351,2.849500105376819,3.504426032276105,3.6158707439539697,-0.3206788866543762,2.876180762865147
1969-10-01,4.388146053618606,4.028856160514504,0.1261581097698082,2.2338040956331042,3.463087060044582,3.587181740990904,-0.3316687523707601,1.978736802725166
1970-01-01,4.244689406993152,3.918821263364627,0.099103584831303,1.4894482114328866,3.4279595700934946,3.563375363995635,-0.3416122973761441,1.1492917042453428
1970-04-01,4.165742971956763,3.850431754415873,0.09250405199558782,0.9381285624995144,3.395833897671335,3.5420840438872285,-0.3512146167682299,0.5250862972686718
1970-07-01,4.204689686379909,3.9066956165191726,0.07193116770265323,0.5811256108154339,3.361284128127107,3.5166276860330954,-0.3588349835375618,0.17490084532687433
1970-10-01,3.8415716806899654,3.5214978078461434,0.11630063516979833,0.37844849399084524,3.3469853130619835,3.5105270193224647,-0.3666801137516416,-0.6237348663205466
1971-01-01,4.24868361993905,3.897987094822737,0.12513754593597065,0.5182588188073396,3.309007120537472,3.482774283885052,-0.37529964487684114,-0.04626776224779405
1971-04-01,4.024430173183662,3.705975619422939,0.10400641495222535,0.8830112182497487,3.2831309637552093,3.4643482403959984,-0.3816835259177057,0.01940011874762604
1971-07-01,3.879519987117871,3.6313723300712217,0.0380164750110515,0.9270499569428239,3.263063242206734,3.449854791340704,-0.38641912770875486,0.09134578275666172
1971-10-01,3.585689607246423,3.4870744826908973,-0.10316619013539673,0.5136929011524671,3.252194201021676,3.444618014780078,-0.3917483636297873,0.050592307902434186
1972-01-01,3.744611766702767,3.652017452054004,-0.11873150772971174,0.6835738947838763,3.228760516948339,3.430133631369185,-0.3998595181781624,0.655152262369711
1972-04-01,3.859055779872215,3.83838639204131,-0.20144076677645073,0.961735507973458,3.193418459065204,3.4055950997813875,-0.4092431100301873,1.535470069032499
1972-07-01,3.7298639841668093,3.7376822212751932,-0.22410109434285258,1.331562828226538,3.161641718456634,3.3857831993001004,-0.4200615245948718,2.0012271888223268
1972-10-01,3.791690946772539,3.8445394097553334,-0.2753146650476438,1.4473677587111524,3.1197571676936686,3.3598155502737646,-0.43447579529050273,2.6989006100327515
1973-01-01,4.0170044657238035,4.078919123362211,-0.29794335943856004,1.8274021522570365,3.0608785270688377,3.3198003281221053,-0.45102371285496407,3.6211085978651454
1973-04-01,4.044665009678148,4.01592129866736,-0.20363959005224297,2.412348408158664,3.0033617081070796,3.2800231921206326,-0.4664616718810868,3.8118634639406537
1973-07-01,3.764255471854759,3.738440728308393,-0.1905120050781837,2.1506940634649254,2.960285218025379,3.2535931776388547,-0.48157876143092515,3.2303988995970485
1973-10-01,3.8878415762208576,3.837248904764511,-0.171451661878967,1.7685550666467407,2.9102418795618723,3.2200129227143384,-0.49609870666875217,2.8987221060885986
1974-01-01,3.661343460890321,3.5622731238365213,-0.10706238474031304,1.3298677912955554,2.8754613595464815,3.1992620427958642,-0.5089275866867756,1.8714301068162058
1974-04-01,3.76899477936736,3.5320686068473717,0.03254125025752616,1.1546949478330362,2.8418068986657476,3.1773037226856786,-0.519353098245866,1.072752421555947
1974-07-01,3.6001663779415396,3.2314330697256555,0.18174481216236776,1.0232370084734157,2.8263586612043072,3.169018718418156,-0.5260369155105802,-0.12119242419646525
1974-10-01,3.433917493646045,3.0978199801791937,0.1568406058845382,0.3601304176075928,2.8223779784990137,3.1677466055168146,-0.5286718738631735,-1.166666930168958
1975-01-01,2.9669421288508704,2.7912937018332813,0.01412881634102639,-0.6191724660371847,2.8403155976625323,3.1850042010349777,-0.5289904696420212,-2.2490549226611165
1975-04-01,2.8612975831337204,2.856856257146349,-0.16087209485046988,-1.3126110131865971,2.8565412824625196,3.2014364277247926,-0.5301478705746449,-2.324272684464745
1975-07-01,2.972865733159863,2.99139109535984,-0.19162370895815614,-0.9995459232030726,2.8652091830303816,3.2115274980541457,-0.5321549651842582,-1.743018373125551
1975-10-01,3.0003004704510343,3.0006117155204652,-0.1739431476399424,-0.4088177476204464,2.872680500974486,3.221445990350116,-0.5351760780697477,-1.148366127448412
1976-01-01,3.166011383057339,3.1895511272936012,-0.20810472067535746,0.1472238245983135,2.870129137749661,3.2216094198280567,-0.5379003277012604,-0.32534964155684065
1976-04-01,2.8993991950242535,3.0772662483162607,-0.3559346088665859,0.23760418349547763,2.8779326267976058,3.2295708192014954,-0.5385189283963823,-0.0843574777794629
1976-07-01,2.825576990401383,2.964925206202382,-0.310915100602984,0.6159785215596685,2.893639590749885,3.243708723166439,-0.5377679653161189,-0.07530595331547829
1976-10-01,2.795374366305774,2.91989051988007,-0.29347708365466124,0.8342759878395327,2.9128034159308536,3.260904313271276,-0.5367947616898356,-0.0010102501081519222
1977-01-01,2.853941848308396,2.9507231856703378,-0.2675264151195264,1.2054953152801318,2.9297473513000813,3.2770276482854848,-0.5369071462058078,0.37426158206608307
1977-04-01,2.9775606146841263,3.10643757905174,-0.3086325336328395,1.6081330475066125,2.937829117716845,3.2857124929193873,-0.5380127773155834,1.10745982815547
1977-07-01,3.1013781176402215,3.1913853913019667,-0.2746783907080847,2.317796903010617,2.9424037094939797,3.2896437954858917,-0.5375969749006189,1.688102666594773
1977-10-01,2.7981498013981287,2.975513454670644,-0.34954323238510526,2.31277576256025,2.962182352951738,3.3065506193754297,-0.5357034771803009,1.5320933244429398
1978-01-01,2.7078147700898367,2.9047058452032726,-0.3649733363742363,2.1680409163274135,2.983491520705589,3.328652526359952,-0.537775154348963,1.6036600181610083
1978-04-01,3.3836565397504965,3.4801833814217566,-0.2979093993294152,2.830477250168201,2.967900851473642,3.3191309312770914,-0.5432932566208184,2.933543088241322
1978-07-01,3.3001367560465233,3.395750760998057,-0.2921108266621313,3.347958351924717,2.9566442734630733,3.3137870502819604,-0.5488967272810108,3.3569306300024664
1978-10-01,3.4082602633943626,3.4647599397538418,-0.2569897488263203,3.604645555223442,2.940853752973265,3.3039260605736813,-0.5542556469450073,3.580249110787122
1979-01-01,3.1206266142059835,3.3797551321172814,-0.45469974453039635,2.8677161567870826,2.9324430549500944,3.30019365141016,-0.5587179580755552,3.2338731185298
1979-04-01,3.2619949518184663,3.289506295933821,-0.21786027654348628,3.037808221754972,2.92654305530363,3.2990867160358497,-0.5634469689768348,2.688789318598765
1979-07-01,3.3030688718188275,3.3766481724931316,-0.2689707415157359,2.460328940722775,2.915836194184571,3.293498653561126,-0.5682424115820821,2.344145261222252
1979-10-01,3.2721802565489124,3.3263905355316217,-0.24669353644300235,2.1358366816596117,2.9085489633816177,3.2901581780988067,-0.5719958686339004,1.831624455581391
1980-01-01,3.3920729744220006,3.3149852508169975,-0.11473556133231577,1.9480178949586389,2.90365610507778,3.285832465920591,-0.5723127052537667,1.0290598806110438
1980-04-01,2.9166534300598133,2.9144817434929573,-0.16647626195384396,0.7017211424515608,2.9248767424233035,3.3040269432504483,-0.5703393777984478,-0.7023674701732716
1980-07-01,2.9662153877521193,2.964286102718936,-0.1696006177250414,-0.3728813419883181,2.941615438524372,3.320451376294554,-0.5709755228010611,-1.5726141884953222
1980-10-01,3.3925963461866373,3.2492420913760403,-0.044664769216959596,-0.2669890988361203,2.9379889685294884,3.320674160032192,-0.57483766802635,-1.289772776749146
1981-01-01,3.6142488190993523,3.4768735742450163,-0.06381578915073674,-0.18629160361808772,2.92120364357177,3.308184696370645,-0.5784108202407622,-0.9496346492524026
1981-04-01,3.2386780228830374,3.2440947367407897,-0.19313788362649176,-1.036564714666497,2.9188625070274643,3.3091515330038774,-0.5817747399052233,-1.7406403176840968
1981-07-01,3.4918905844181256,3.493778858521247,-0.20405754086559913,-1.784835073786212,2.9024435607911467,3.2961482226641103,-0.5844379327241402,-2.250220046989398
1981-10-01,3.1942960236266655,3.283206971568837,-0.27889536680503785,-2.9755019418063284,2.901979221162958,3.2946794408150706,-0.5833484987045872,-3.7466686816884476
1982-01-01,2.7876940855488512,3.040881815130191,-0.42914988167256546,-4.596905098188472,2.9186242070234893,3.3079125489417267,-0.5807023614125917,-5.375297633041214
1982-04-01,2.8575451700785064,3.1577779436164306,-0.482959178760339,-5.528876017911216,2.930405956153974,3.3156703544648,-0.5771273271144974,-6.134084667358593
1982-07-01,2.8250425180914283,3.016179710905186,-0.3656699452489405,-5.836754625535377,2.9515868787728845,3.330625065895192,-0.5717664778068982,-7.043823025888059
1982-10-01,2.7331906221610995,2.958357440369066,-0.39635365594442185,-6.356978073425466,2.9771342160451586,3.3497969808021164,-0.5665004479177531,-7.581053294392632
1983-01-01,2.8413469212665907,3.0594962159884114,-0.3951885784590725,-6.232535619946134,2.995801551280217,3.3643064066820916,-0.5631821337717783,-7.2507915372654
1983-04-01,2.8701872478730692,3.276743915623778,-0.596167098638271,-6.112050468000689,3.002288794656559,3.369139792984429,-0.5618079630214633,-6.279487562642885
1983-07-01,3.190743597417714,3.325330708084478,-0.3270090406800265,-4.628439827005423,3.0022140166328812,3.369261401103865,-0.5620113860794287,-5.312327676838322
1983-10-01,3.1298073739658374,3.4634912170365637,-0.5341005002609107,-4.4192426008780785,2.9941438026213976,3.3633956983052626,-0.5638764754565672,-4.329230697787466
1984-01-01,3.263372375041121,3.5402394830915442,-0.4817248421667507,-3.584597393586023,2.97952545387943,3.3525151484096236,-0.5669846658235245,-3.444796642526285
1984-04-01,3.4045873552759103,3.5932036977160626,-0.39653887741219884,-2.8221534384357483,2.9601028399505562,3.337360001037264,-0.5703751721727619,-2.8028395311152963
1984-07-01,3.3056382719333857,3.548286447776168,-0.4479715516084049,-2.663969967436401,2.9430600330880923,3.3242994649107036,-0.5736016884321643,-2.5654137800617036
1984-10-01,3.2096970717412003,3.5340740573971696,-0.5288779543207945,-2.8300931768841338,2.926473213583974,3.3120047147727276,-0.5771823159122926,-2.5095537443725107
1985-01-01,3.508451720322525,3.5201112745252505,-0.21535255943039866,-2.071879221728409,2.906789732817497,3.2972689537691604,-0.5812773434705961,-2.482000321002147
1985-04-01,3.3930270730985854,3.5263717521006614,-0.3373999499060432,-2.341950445551902,2.8860195114943776,3.2823578521703665,-0.5862736248187903,-2.3781688950242597
1985-07-01,3.555431536273026,3.609735822634329,-0.2631834610372617,-1.9316128187176673,2.858391495532607,3.2613373614121484,-0.591664788776922,-2.0165196531714855
1985-10-01,3.342805117834477,3.5542208832331337,-0.4170825402497874,-2.147495087512766,2.8343647541204313,3.2434894745989107,-0.5968108664496694,-1.920722881865231
1986-01-01,3.4031328898984765,3.540468607634638,-0.3422067102591459,-1.9004050091238014,2.8097840519824806,3.224817799836217,-0.6016394479956797,-1.8726016638470355
1986-04-01,3.1960246086032233,3.467909191090534,-0.4725568879629861,-2.267825136843726,2.7896855152574904,3.2102225203612518,-0.606298142075242,-2.0005805118041735
1986-07-01,3.211542711208293,3.4856374848692715,-0.475792935751893,-2.2673340049549324,2.7679056624706146,3.193863262479367,-0.6107721003141222,-1.9678153245084786
1986-10-01,3.174250599497563,3.396708043942582,-0.41900965981354804,-2.1010877472677976,2.7503269558635868,3.181147448121667,-0.6148991855850798,-2.0400875083965957
1987-01-01,3.0352367981173414,3.3821633548860377,-0.5426371364067106,-2.3845085055222626,2.733509284474493,3.1695504615967165,-0.6194488050048013,-2.0012199861365616
1987-04-01,3.148922554108504,3.3952044827102505,-0.44274713964510787,-2.023734360340427,2.71385439994141,3.155859105867659,-0.6246200766394934,-1.8021372168323069
1987-07-01,3.1323581478021554,3.369061432666587,-0.4316557151989129,-1.8722718869317987,2.6936674274898396,3.1428757627095703,-0.6310724182663294,-1.5979176259189671
1987-10-01,3.3336554999968637,3.499356082135378,-0.3681925777439725,-1.4671358462152284,2.663881055392414,3.121420979650857,-0.6381625155177324,-1.1374821676577085
1988-01-01,3.199856537744581,3.38431838459913,-0.3802971283682659,-1.3408191694929883,2.639572266658545,3.1053792567118172,-0.6455013189652519,-1.0657114810850317
1988-04-01,3.3959461753043745,3.440129250326273,-0.2432478802857848,-0.8677209096227898,2.6094555249135176,3.084305766203658,-0.6533251420995743,-0.8002760046377944
1988-07-01,3.3599563947992377,3.34804277422412,-0.1818225545418133,-0.6198374017653805,2.5823908822035118,3.066805491250922,-0.6618768476653872,-0.7262137102173938
1988-10-01,3.4548630263345066,3.433267123975024,-0.17707182251979955,-0.5010115045322436,2.547922950048079,3.043572236477005,-0.6717671211013888,-0.41573723175906707
1989-01-01,3.4838586029186565,3.444490086219507,-0.15994863052188663,-0.36534326910566506,2.5105268222513883,3.0183442426672586,-0.6824754245675879,-0.22693889208960627
1989-04-01,3.386480280880492,3.4475437828251057,-0.260557352852022,-0.6694059196921671,2.4714812408216758,2.992380986796212,-0.6940553732973904,-0.20487502719277018
1989-07-01,3.3083965231220733,3.473990157049535,-0.3666178175496717,-1.109736555259019,2.4296920278207077,2.9643916073720313,-0.7062355873892404,-0.29334124555202834
1989-10-01,3.265821724277414,3.3898247190107287,-0.32015690305073613,-1.3221079097556867,2.3899224418821126,2.9393817532239703,-0.7195481114200108,-0.5840474339161119
1990-01-01,3.4905230104891887,3.479449414707527,-0.19026649052428346,-1.2354083248598045,2.341763695550779,2.9071019024445026,-0.7335591172090858,-0.6130859702346925
1990-04-01,3.448842491004598,3.395434763697115,-0.143070809060734,-1.283247037387241,2.297600422106319,2.8774201607362073,-0.7463231000675464,-0.9098160295177422
1990-07-01,3.3329368139740425,3.2715426090903743,-0.127915249791419,-1.489537938115859,2.2616475333255655,2.85286239664239,-0.7562971774125584,-1.45172339867338
1990-10-01,2.896170462498799,3.0041155683443024,-0.28177976061783505,-2.326578020587931,2.2439492243517427,2.8430099955031576,-0.7635729711114725,-2.396805142848848
1991-01-01,2.6657825110869067,2.8588889851022925,-0.35853751967638336,-3.0474783730502395,2.235353652712214,2.841340786301119,-0.7704027439209082,-3.1242166509731533
1991-04-01,2.74622434195226,2.914684183706537,-0.33711950457951584,-3.1923965113223858,2.2233043681323172,2.8363069016845808,-0.7771268556250199,-3.2637368355583476
1991-07-01,2.7711121545467674,2.839396275420125,-0.2325872111075123,-2.8902934426994307,2.2156251295259652,2.8344231664077277,-0.7828133556675001,-3.3540338359601947
1991-10-01,2.640208706038536,2.745413558394355,-0.26406958551047394,-2.8950483695490448,2.213816039239381,2.8379223855859363,-0.7883241492058835,-3.409042252554741
1992-01-01,2.6894191594281223,2.8056585817402895,-0.2785902639725825,-2.684414427094225,2.208464876747012,2.8383343267794796,-0.7941110900756647,-3.091644101322345
1992-04-01,2.6803489161677296,2.7979615191815768,-0.2795180502870577,-2.275050908125536,2.2039873844373044,2.8391807760920362,-0.7994840119121331,-2.725540077791038
1992-07-01,2.5574394061806736,2.7765384424483157,-0.37976482645597553,-2.0813494655203613,2.2023633909924283,2.841959742395858,-0.8040477779404358,-2.393565273416243
1992-10-01,2.5818111284598464,2.7507087935099235,-0.32806880964174606,-1.5287151332457825,2.203944205953125,2.8458720084237448,-0.8066056142444329,-2.13743054925078
1993-01-01,2.411392026257077,2.568189661702301,-0.3054072188900922,-1.2011716204275444,2.218590916534554,2.859945262810667,-0.8068465139767267,-2.2414297361473245
1993-04-01,2.3817509705704523,2.5045460441694063,-0.26772188718008183,-0.9122663254506733,2.2389889243984995,2.877947770604141,-0.8054927380530525,-2.2535005184884085
1993-07-01,2.222104951704241,2.431871770508836,-0.3504882990737362,-0.8928281768743318,2.2658309402168957,2.9014925050812987,-0.8035578845866508,-2.2097398297509017
1993-10-01,2.2848266457240496,2.5226977018262575,-0.38384822446181843,-0.6123175235518374,2.2889686759110512,2.9213671781431985,-0.8014448798838678,-1.8129828544311977
1994-01-01,2.2267144160443526,2.512157479505455,-0.4308103165672294,-0.31654656096816325,2.314511468736841,2.9431581360597656,-0.7989539896887905,-1.4904778471073996
1994-04-01,2.3845762729284123,2.574613099588459,-0.3390181055613612,0.29298553695025475,2.3375589664802585,2.961856897876655,-0.7956872669974921,-1.1159650058646093
1994-07-01,2.2568923727600727,2.5141874536532733,-0.40277979947199477,0.3830605094439079,2.3664074463465026,2.9852780900191744,-0.7916152583094191,-1.0501002194991997
1994-10-01,2.290775136816737,2.6000726171931086,-0.459751987038998,0.4102515769100137,2.3927663720668497,3.005401979121213,-0.7865447006317985,-0.9205386953835841
1995-01-01,2.208258157427791,2.53140791083408,-0.46963094238076014,0.3999063530135345,2.4258551338091667,3.030366713371003,-0.7798652700134814,-1.1424730818829403
1995-04-01,2.1602578725493546,2.4978723172484902,-0.48215507972323074,0.1904062189829574,2.4628477479476887,3.0585134003823367,-0.7726480650536949,-1.4512975400195955
1995-07-01,2.204314816559647,2.5877611238176943,-0.5331884031788238,-0.07679028256063702,2.4964587353892362,3.0833660266081377,-0.7653278135250967,-1.5703013938980348
1995-10-01,2.261011737439932,2.613602504997837,-0.5038281879674014,-0.1079560993900941,2.529709730631746,3.1077814593829656,-0.7579050623261461,-1.697198400773118
1996-01-01,2.263475832891467,2.660213557751521,-0.5506723172257139,-0.3058813946460077,2.560789243700917,3.1311497101907975,-0.7515460156235625,-1.7166623031358768
1996-04-01,2.505343862013642,2.85831279021229,-0.5183666320532114,-0.13385784557181069,2.5803237694853056,3.1443480983260046,-0.7459736093265336,-1.3915175844077794
1996-07-01,2.520469504261762,2.8729994552109863,-0.5187775060434365,-0.021051851078254913,2.59970854944914,3.1573122178229007,-0.7403031241394405,-1.3051315883096777
1996-10-01,2.6536053567040545,2.9266665202897055,-0.44241419032979223,0.19428798012552306,2.615984785548438,3.167298435313219,-0.7345909630164387,-1.2400724329493187
1997-01-01,2.5717824571870787,2.9223777518823026,-0.5197001497034456,-0.01432933478099585,2.6325853810580644,3.1785010249996395,-0.7298412006666916,-1.2506570841729854
1997-04-01,2.849050605314639,3.100043345534208,-0.430378303953794,0.28220273160377474,2.637132785203759,3.179644627465424,-0.7265035741173029,-0.890542482623573
1997-07-01,2.8233924276691527,3.1828581826085767,-0.5436434407759234,0.17834425072351223,2.63717170916009,3.1768602180835868,-0.7235191195330888,-0.6522130364588747
1997-10-01,2.833446411260174,3.191158359224489,-0.5423699276855711,0.19847199401692706,2.636019112219432,3.173355276177508,-0.7209639593455576,-0.609246793600505
1998-01-01,2.8962232109134582,3.2500189711442404,-0.5418597387959493,0.14022451947175796,2.630235932850277,3.166276061764703,-0.7192582820076905,-0.5564801222144524
1998-04-01,2.9725645165743657,3.2885361557375914,-0.5062644339421041,0.14276170037385327,2.6200384035145676,3.1563616331140905,-0.7189676793040413,-0.49680883140285914
1998-07-01,3.159289763154284,3.3849431947502517,-0.4215248680625975,0.2974795237538501,2.600780374374126,3.139904285383839,-0.7208160480298252,-0.2741486842556924
1998-10-01,3.3379338809752426,3.5354941703872105,-0.40214343362754823,0.41700715248066444,2.569999350457416,3.1139227863798506,-0.724112140465641,0.07450765119267544
1999-01-01,3.313987451969728,3.5413967982209953,-0.43233404898828,0.3881066610252901,2.53681034887573,3.0863414509814286,-0.7281237988362674,0.1857761678256793
1999-04-01,3.3574969994336468,3.5344595684035895,-0.3814858454225968,0.4555462366137135,2.5004634068781715,3.0572945416034067,-0.7337430174694389,0.26933654388437844
1999-07-01,3.4425762923150356,3.6309508450129773,-0.39848134528915063,0.43235620356972504,2.454472820510196,3.021397683547112,-0.7417595560773069,0.5824678374748373
1999-10-01,3.6311944768708786,3.7567468117577203,-0.3429383742158438,0.6951458851275447,2.3973353231914256,2.9761059325027377,-0.7509844724509505,0.9829145331202653
2000-01-01,3.53049925005004,3.634429515328643,-0.3142383528731607,0.7097721435899302,2.3430061199335084,2.9350574015302566,-0.7618898508942639,0.9668521658633153
2000-04-01,3.654841043979155,3.8448224092625973,-0.4124639432567832,0.5014136822962882,2.2733391528743345,2.8806401255459546,-0.7739906589887133,1.330990788472377
2000-07-01,3.5203265252918383,3.676181406829771,-0.36857896328453627,0.4654001421170051,2.2104257733212225,2.8324285700942493,-0.7859026972422329,1.0660358047342697
2000-10-01,3.5311439707696852,3.670838768334856,-0.35210972485442826,0.19451052246495237,2.1452667330396116,2.7817520388905086,-0.7974527834134447,0.7828493844089053
2001-01-01,3.4085682287521446,3.4814152883066316,-0.2743009021226837,-0.0762452661019779,2.0881784189473502,2.738401076321943,-0.8086816097353928,0.16939968978954312
2001-04-01,3.389999560735444,3.512002540809936,-0.32522676935691425,-0.5496131067451415,2.027785904375319,2.691243726374287,-0.8191879906423538,-0.16690818487393244
2001-07-01,3.0927848273444165,3.301078766624317,-0.39931251853139144,-1.0284486197500655,1.9788452109629824,2.6537838820266417,-0.8285012070172058,-0.7506997367383974
2001-10-01,3.118400341496324,3.2158592366738232,-0.28354620356680776,-0.9975149634780109,1.9318835239093815,2.618269898392972,-0.8378938759539094,-1.0194400707578097
2002-01-01,3.0833727589144213,3.21548697662247,-0.3181799850826922,-1.0283107601480879,1.8833620943087794,2.581011327504201,-0.8470007487655935,-0.9637211338593943
2002-04-01,3.0988510162342955,3.115760674782667,-0.19720471342622597,-0.5665059722903152,1.8389422868363285,2.546404619412474,-0.8548113136175786,-0.9306153090215048
2002-07-01,2.9671316024474574,2.9944219714892055,-0.20056409896799057,-0.4095348670723524,1.8013802138318364,2.5165790230479437,-0.8608219171579699,-1.0029109545389474
2002-10-01,2.7142092649114202,2.84440574170078,-0.29478944230350285,-0.5383188313894607,1.7727808381652765,2.494022603451003,-0.8655596346892145,-1.1668662460272117
2003-01-01,2.5797023196543365,2.783297427157248,-0.36465200973296136,-0.57757642682202,1.746964098875384,2.4740358447594533,-0.8702330714668816,-1.1178541746302244
2003-04-01,2.5541340436983626,2.7694740299271383,-0.37559699064177815,-0.3499222014335146,1.7197233687479039,2.4537782141012103,-0.8760439529731721,-0.7925337516162472
2003-07-01,2.7584620466479244,2.873175774097025,-0.2809714853241266,0.3159839925115193,1.6835549722051892,2.4259250820906098,-0.8827474820453021,-0.14348594122554914
2003-10-01,2.7656925231993927,2.8595680763649254,-0.2593458947831979,0.8499920445751741,1.6468895664114926,2.3970587028247605,-0.8888761410523113,0.30479465178427745
2004-01-01,2.682403966676577,2.7521856493137085,-0.22903828623094585,1.2280515993687686,1.615189763285931,2.372322433770769,-0.8944082985028663,0.47340220709827463
2004-04-01,2.651040710790154,2.7197055135820603,-0.22604192703367254,1.460765005972803,1.5836612861716732,2.3479370822135865,-0.900140353455963,0.6867235362944939
2004-07-01,2.536285690594325,2.734232315150867,-0.35616434946036957,1.4317022154458527,1.5500992205299076,2.3221837472298796,-0.9064588544626387,1.0033827247900717
2004-10-01,2.588058401466647,2.740929342314863,-0.3114761925893339,1.8122178945313863,1.5135489835934584,2.294307117744677,-0.9135193667607425,1.3634958377890598
2005-01-01,2.696316196154626,2.7674932617483208,-0.23131945186211691,2.2538189763569108,1.4729250442080102,2.2628118857677437,-0.9208255867671825,1.6964603438390213
2005-04-01,2.5382557115155873,2.7063893153211818,-0.3247401795531708,2.1591630386558336,1.434359082868375,2.233565769248634,-0.928453090380165,1.7769821771742045
2005-07-01,2.4725863160194796,2.7342016212967057,-0.4198312540657812,1.973401824425082,1.3921804071315704,2.201756366986295,-0.9369816968313458,1.9099217348197044
2005-10-01,2.5104278618513285,2.7057335979104016,-0.3518743683896476,2.0889240692140447,1.3477132876312632,2.1693975880169063,-0.9472175803801586,1.9982531452134253
2006-01-01,2.6607930131000606,2.8477780619957582,-0.3517731554158781,2.1214633725794556,1.2917803762714486,2.127301600666536,-0.9586185989585798,2.297586464134042
2006-04-01,2.6897631118275385,2.751899378405154,-0.22137630496166094,2.320269491729846,1.2380052269045896,2.0874141574421454,-0.9701981981840812,2.1667970992421033
2006-07-01,2.510842060718395,2.710596399501049,-0.3566043595673358,1.727579600548438,1.1838613111622343,2.04857634260954,-0.9832569294504394,1.958293806127017
2006-10-01,2.5176206456147705,2.8110025025363665,-0.4560419272403574,1.287844208931233,1.1206030871924941,2.0027012081736135,-0.9979854313108171,2.0012007550990347
2007-01-01,2.573536261826704,2.7576830170513187,-0.34372146676104376,1.3177714141631895,1.0556793119932606,1.9566858790880182,-1.014231177317269,1.8968050317807865
2007-04-01,2.470931475910488,2.806527755260117,-0.49799741617190446,0.7523765163028884,0.984417262788406,1.9065500550666594,-1.032456267886532,1.9102218474017718
2007-07-01,2.485691736791559,2.8192949772676372,-0.49674315900617644,0.5709020276096908,0.9079647435949965,1.853121248770051,-1.0523882960973852,1.9307875305631796
2007-10-01,2.590782070256609,2.8279387027474443,-0.4007967245330856,0.6219594666617922,0.8269903584532585,1.795789540227453,-1.0727134446137079,1.8904055602459948
2008-01-01,2.2602500102963297,2.657094595101024,-0.5505986968315448,-0.019730127149387044,0.7537939470178934,1.746020997289971,-1.0932614314015716,1.475486505926824
2008-04-01,2.1588740741605785,2.70109724775481,-0.6985235211966171,-0.5432385865631204,0.6772438933169431,1.6921220940842185,-1.1127936948172876,1.3191174013654745
2008-07-01,1.877136330005726,2.4677149090498878,-0.7333741405104103,-0.7748734024285113,0.6164744056207876,1.648560959323409,-1.1274813608315208,0.646999902172638
2008-10-01,1.0199612269109184,1.9876717825507781,-1.082728180714402,-2.094115452111623,0.5886843438602349,1.6317931747193501,-1.1375333617181342,-0.7153113777316094
2009-01-01,0.8094581528331459,1.7418361714757442,-1.0331702427264833,-2.5597402710744745,0.5761590424060161,1.627677028017789,-1.1457043335764991,-1.6470226949114704
2009-04-01,0.9567476114789775,1.6177455541081,-0.7546096008726333,-2.1397984191086152,0.5694939238751895,1.6286038057291305,-1.153349858275974,-1.9711763309597927
2009-07-01,0.9271038781656975,1.5767673178684407,-0.7409038717441185,-1.9887057318919688,0.5649059278792683,1.6318850809935403,-1.1614090021759638,-1.8603807683807645
2009-10-01,1.170536623388418,1.6235219167611143,-0.5469312037395965,-1.176235400052974,0.5563651192391839,1.6315318318188463,-1.1695761207006066,-1.4003484630035246
2010-01-01,0.9896570160814023,1.557587045900216,-0.6580605857984391,-1.0011110878585896,0.5525664951157618,1.6356178561866999,-1.1776972090422202,-1.0660381752992407
2010-04-01,0.9650307132000061,1.5964041257444035,-0.7237501383269053,-0.7134947186154932,0.5469978735490235,1.6382403037807345,-1.186040027448918,-0.583169985484119
2010-07-01,0.8681916615883518,1.590327383128235,-0.8141608135617087,-0.4750432539644862,0.5431837834895319,1.6419837182726575,-1.1938141465582846,-0.19748465225643486
2010-10-01,0.8421864827959729,1.5379061640544558,-0.7847113931345979,-0.06602363822150892,0.5441116670044976,1.6487018083157858,-1.1999930987378071,-0.018188050005960577
2011-01-01,0.6782888969064476,1.3663770989373494,-0.7671542984838768,0.1004051497080809,0.5565656714693672,1.665333511696894,-1.205133199515677,-0.1540366359673726
2011-04-01,0.8015322457840917,1.3997166340038179,-0.6791796935984895,0.43883591740564043,0.5680374577792777,1.6804544421811556,-1.2096573239199055,-0.02752919451222624
2011-07-01,0.6449047147405799,1.2896618386171248,-0.7193840532967798,0.48292211651096295,0.587194060124326,1.7028784483686468,-1.2142223041323428,-0.03609809847046108
2011-10-01,0.7528378504421465,1.4135429375565909,-0.7425004584860746,0.6897929282781661,0.5998131131946254,1.7197860310716488,-1.2194891995220694,0.37756380915323007
2012-01-01,0.9228782588043416,1.4235660065115394,-0.5830631089932983,1.4042636117677603,0.612305158740392,1.7360461246659138,-1.2241981460454165,0.7061868260286701
2012-04-01,0.7928400096472958,1.3941391158746443,-0.681971665720871,1.4519116808287436,0.6293867343498318,1.7554353204024542,-1.227627731712955,0.8143704091509107
2012-07-01,0.6442398946964175,1.3280278159177887,-0.7606349171694525,1.402784602471911,0.6532494644338052,1.780064921030406,-1.2298198064559516,0.7437797516920455
2012-10-01,0.6266299298008459,1.2650781368980757,-0.7116525882818413,1.5495022003709664,0.6820266414297933,1.8092787475125511,-1.2319469286704603,0.6804559520531939
2013-01-01,0.7144266132062936,1.378982171224677,-0.7443510533042587,1.654974664577935,0.706026738612245,1.8339006042493118,-1.2339934443196379,0.9332926923000286
2013-04-01,0.5997909167527147,1.3283355309260008,-0.8054094162047234,1.6953327695331382,0.7351079297085834,1.8631099930359718,-1.235811857948835,0.9972087495607411
2013-07-01,0.7551243327577114,1.3950181636857841,-0.7206172569642769,2.0635014883148415,0.7611532161458878,1.8896539375927035,-1.2378464947393022,1.2367417703402452
2013-10-01,0.84837167725601,1.4519016977183252,-0.6875450407384264,2.388744013521773,0.7862532506038631,1.914185901081901,-1.2386979781475158,1.432305191656269
2014-01-01,0.5814347845307566,1.2938226514522946,-0.7872555638642995,2.205625308767594,0.8228390176492397,1.94956884929333,-1.2395426113663375,1.2480613283308912
2014-04-01,0.847980610658365,1.4727471739962654,-0.7099878175587121,2.5091537356945537,0.8487623964370994,1.9764135291759226,-1.2420172933326445,1.6521927973224138
2014-07-01,0.9587791799762815,1.5869653860994128,-0.7200167544998954,2.8270388875944263,0.8692825289867079,1.9983848598689014,-1.2447398735513744,2.0955310297696315
2014-10-01,0.870358628429114,1.5662969696570983,-0.7865729013162817,2.910787042559946,0.8927157437384778,2.0231561669864777,-1.247511370033327,2.2690169809060308
2015-01-01,0.9084456812206294,1.6454922387997035,-0.8322637916550417,2.986662711048325,0.9130678411705715,2.045152360890999,-1.2504282873033266,2.505869396177104
2015-04-01,1.0965297175394801,1.6393910139311196,-0.6377254800291039,3.55652733158945,0.9343206797568615,2.0674498634991805,-1.252763207502118,2.58990181431534
2015-07-01,1.0628121263729697,1.628300131607389,-0.6597104094010198,3.557073816202319,0.9585366605400367,2.0916679064460126,-1.2541666588730631,2.5218906342047376
2015-10-01,0.9961014416310613,1.5909037474067524,-0.6868607494057021,3.452543920289486,0.9870947981541718,2.1194324580700457,-1.2549796825944288,2.3520737096761195
2016-01-01,1.162471714450088,1.6232569910490113,-0.5547158569065579,3.7183331203426633,1.0148617342485675,2.1459983736616053,-1.2553159121275872,2.2965787196473
2016-04-01,1.2553594249206983,1.5970456045046098,-0.434100024856761,3.957538861791818,1.04516159286398,2.174635270566992,-1.2553100388264613,2.1794378064535067
2016-07-01,1.2833447953815755,1.6696790659263883,-0.4829510875089722,3.859802829477303,1.0731804822497568,2.2009601080969863,-1.2551392869036726,2.1948783380295254
2016-10-01,1.240062414079961,1.6995580966769062,-0.557841464668233,3.733681472561784,1.1018234313546142,2.2274054318392564,-1.25447193346921,2.1704229228128042
2017-01-01,1.2739624723504144,1.7089168600170657,-0.533841719274673,3.7946346791204633,1.131479657761126,2.2545147703049544,-1.2534937410016826,2.117131473374343
2017-04-01,1.1961067577766138,1.751460829401992,-0.6567032313696425,3.5254578727229955,1.1606310224681873,2.281414421362868,-1.2527985891587528,2.118870234051883
2017-07-01,1.2338055815277325,1.827088379057665,-0.6990081833835395,3.465821938415047,1.1861680416741873,2.3057762680099905,-1.2530331270804387,2.247987697424719
2017-10-01,1.422110954315718,1.9453210478731944,-0.6357770721190783,3.716668633555855,1.2049602344782229,2.3243966829884553,-1.2539388289109792,2.4994861124182535
2018-01-01,1.5572638454976304,1.9866104038563095,-0.5443027662224856,4.016012555653106,1.221773727160738,2.341060475026873,-1.2547533869547705,2.6067614721060863
2018-04-01,1.5456655386155544,1.9997506573965114,-0.5698016940094054,3.9467039520300204,1.2389950765989943,2.3579623386259767,-1.2554119359338247,2.5542582518012296
2018-07-01,1.482407212768932,2.05827631774016,-0.6949722969025646,3.5938975389801726,1.2548509872961198,2.37318864767377,-1.2556634122978259,2.459682021096455
2018-10-01,1.452595247495013,2.0146375240072856,-0.6786202877471101,3.441884438288753,1.2740180312471547,2.39152671581268,-1.2558955780002654,2.1902707059571185
2019-01-01,1.4939853987824647,2.0869679107300514,-0.7137459573041984,3.1804458484983797,1.2891396255319592,2.4069994006899837,-1.257142003267099,2.115277289369942
2019-04-01,1.6158238374192426,2.1735440092416893,-0.6834933865617323,3.160092867046046,1.2983779026863478,2.4182694743462205,-1.2598259482361818,2.1958480253908874
2019-07-01,1.7226715218770918,2.312547082296198,-0.7236922577298833,3.0964833757163888,1.299440725303287,2.4225864035953375,-1.2633298561455155,2.4003869807152114
2019-10-01,1.728665068799593,2.335496936302706,-0.7419765696317925,3.064988500130653,1.299851654410424,2.4259116125576683,-1.2664365508858433,2.3884972324468663
2020-01-01,1.6906334816086392,2.289045450609629,-0.7308687326015358,2.984087976157277,1.3036280958396376,2.4318956756875236,-1.2689904434021873,2.179606345642448
2020-04-01,1.6588109133836084,2.266406620339546,-0.7387424632831554,-0.42452493369309785,1.3087923170286715,2.439370477631172,-1.27173355732199,-1.2501790902284906
2020-07-01,1.7183570285254364,2.311687308866584,-0.7270972264310015,5.836938060508176,1.3102157803683185,2.443547893083264,-1.27472923767572,4.969005608445203
2020-10-01,1.701984249171598,2.2989916642088675,-0.7300397212785633,6.578627545580299,1.3124692519422418,2.448717754028854,-1.2779447836451445,5.700277562468751
2021-01-01,1.8246583921095123,2.3419411753421713,-0.6528003844869583,7.2309702455391545,1.3111453416648413,2.4506373310790646,-1.2812993482619748,6.189801966972325
2021-04-01,1.916515399002925,2.287572485570032,-0.5034286163065302,7.651099958345426,1.3107072280306844,2.4532754615948,-1.2845282491579257,6.102292256613978
2021-07-01,1.916277796852781,2.2886222224666435,-0.5047766989055466,7.393628617711345,1.3099829716487439,2.456499246453635,-1.2886628363271937,5.90743999361611
2021-10-01,2.1885932020391348,2.4956415887128243,-0.45145993947172935,7.693791558376589,1.298437770956839,2.4486588524527444,-1.2919139546851808,6.331746269792134
2022-01-01,1.916825621386701,2.2114878387406036,-0.4226310708266605,7.4238158854283975,1.3013045567118415,2.4516829784303877,-1.2922462874749687,5.1050851130476795
2022-04-01,1.6076112022207738,2.045134279339746,-0.5558657984038349,6.190083547000837,1.314280006118743,2.4634400294237246,-1.2917082167166063,3.70682663119676
2022-07-01,1.7456484021954144,2.1584843178424262,-0.5377376937868021,5.714262581439672,1.3223805899489314,2.470576988640493,-1.2911575758294598,3.372829815710335
2022-10-01,1.7142823689825946,2.1630387623676794,-0.573921716742666,5.502076433931047,1.3314708294864057,2.477986146723554,-1.2899052290253028,3.140077971902879
2023-01-01,1.6857463179036587,2.1660235969001316,-0.6056153213020095,5.288690954531612,1.3422892993947007,2.486448775815153,-1.2880390824873835,2.9419017892928516
2023-04-01,1.5732406069832559,2.1881635678348785,-0.7415421436847298,4.699564751047797,1.3541675419310597,2.4961371024557084,-1.2864097864740607,2.725658062130629
2023-07-01,1.4447708504276975,2.3524745287394304,-1.043830797345808,3.5456104843654344,1.3608421357212732,2.501442796216151,-1.2853479030760377,2.659346635893067
2023-10-01,1.3114351413196421,2.4212671500217,-1.249939847285507,2.727105337578501,1.3660727936882617,2.505356958141736,-1.2842579019785125,2.447123361900645
2024-01-01,1.3940310239587712,2.3867487627745296,-1.1308281536004567,2.630679483548484,1.372357794264862,2.510481619077573,-1.2833941034142629,2.023370249250839
2024-04-01,1.3713020314221984,2.4609296989674077,-1.2320305994253415,1.9286998138238334,1.3751215254052778,2.5128000698796877,-1.2830829813949818,1.7159472053213778
2024-07-01,1.3071933269929201,2.509758180108411,-1.3477932695580832,1.3285315950755388,1.3759966079054007,2.5134206038413245,-1.2828643403655582,1.4621424240493537
2024-10-01,1.3315413758107586,2.50706355984178,-1.3205946749197746,1.0812796647689993,1.3774034794308834,2.514021980950409,-1.2820936449373372,1.1116060423593126
2025-01-01,1.3612999050688872,2.412018114888385,-1.1902908483439614,1.0248062515721585,1.3833685051177196,2.519083727669913,-1.281483266483821,0.6314291655395436
2025-04-01,1.38336850511772,2.5190837276699125,-1.28148326648382,0.5541210811970814,1.38336850511772,2.5190837276699125,-1.28148326648382,0.5541210811970814
